ID	STRUCTURE	FREQUENCY	PWK	Khispi	Duhumbi	Khoina	Jerigaon	Khoitam	Rahung	Rupa	Shergaon	NOTES	COGNATES	CONCEPTS
3	i	1	?	Ø	ʑ	dz	dʑ	dʑ	dʑ	dz	dʑ	buckwheatbitter, brj-?	186:0	buckwheat, bitter
4	i	1	?	ʑ	ʑ	dʑ	dʑ	dʑ	dʑ	dʑ	dʑ	prefix brji in SS, ? in Khis Duh	667:0	man
5	i	1	j	ʑ	ʑ	j	j	j	j	j	j	snow, Khis Duh not cognate (sky-melt)	994:0	snow
3	i	1	?	ɲ	ɲ	ɲ	Ø	n	n	j	Ø	patient/dative suffix	791:0	patient marker
4	i	1	?	ɲ	ɲ	l	l	l	l	l	-	drink	338:0	drink
5	i	1	?	Ø	ɲ	r	Ø	Ø	n	ɲ	Ø	gum	495:0	gum
9	i	1	sj	ɕ	ɕ	ʂ	s	z	s	s	s		821:0	porcupine
10	i	1	bj	ɕ	ɕ	tsʰ	tɕ	tɕʰ	tɕʰ	Ø	Ø		31:0	Namshu people
11	i	1	dz	ɕ	ɕ	ʐ	z	z	z	z	z		502:0	hair (head)
12	i	1	sj	ɕ	ɕ	x	s	s	s	s	s		678:0	meat, animal
13	i	1	sj	ɕ	ɕ	ʂ	s	s	s	s	ɕ		446:0	four
14	i	1	sj	ɕ	ɕ	z	z	z	Ø	z	Ø		597:0	langur
15	i	1	sj	ɕ	ɕ	ʂ	s	dʑ	z	z	z		191:0	buffalo / goral
16	i	1	sj	ɕ	ɕ	ʂ	s	s	s	ɕ	ɕ		922:0	seven
17	i	1	sj	ɕ	ɕ	tɕ	tɕʰ	tɕʰ	tɕʰ	tɕʰ	Ø		864:0	rest (n)
18	i	1	h	h	ɕ	h	h	h	h	h	h		1084:0	stump (tree) / trunk (tree) / wood
9	i	1	?	Ø	Ø	tsʰ	s	Ø	ts	s	s		330:0	dog, wild
10	i	1	?	tʰ	Ø	tɕʰ	tɕʰ	tɕʰ	tɕʰ	tɕʰ	Ø		175:0	bring
11	i	1	?	Ø	Ø	ɖʐ	dʑ	z	Ø	g	g		192:0	buffalo
12	i	1	?	n	Ø	h	Ø	Ø	h	Ø	n		548:0	how many
13	i	1	?	Ø	Ø	n	Ø	Ø	m	ɲ	n		547:0	how many
14	i	1	?	Ø	Ø	w	w	w	pʰ	w	Ø		607:0	leech, land
15	i	1	?	Ø	Ø	s	s	tɕ	tɕ	s	s		574:0	iron
16	i	1	?	p	Ø	j	dʑ	j	j	dʑ	Ø		48:0	Shergaon, people of / afternoon
17	i	1	?	Ø	Ø	tʰ	tʰ	tʰ	tʰ	t	t		373:0	elephant
18	i	1	?	Ø	Ø	r	n	n	n	n	Ø		324:0	disease
19	i	1	?	l	Ø	r	r	n	n	r	r		105:0	friend
20	i	1	?	Ø	Ø	ts	Ø	Ø	tɕ	c	tɕ		897:0	run
21	i	1	?	Ø	Ø	Ø	Ø	Ø	t	tʰ	Ø		1085:0	stump (tree)
22	i	1	?	d	Ø	Ø	Ø	l	ɹ	l	l		250:0	cockroach
23	i	1	?	Ø	Ø	g	k	k	k	kʰ	kʰ		94:0	back (n)
24	i	1	?	Ø	Ø	tsʰ	tɕʰ	tɕʰ	tɕʰ	ts	tɕʰ		198:0	butterfly
25	i	1	?	Ø	Ø	Ø	Ø	m	m	b	b		1237:0	wheat
26	i	1	?	ɕ	Ø	r	r	r	r	r	r		625:0	light
27	i	1	?	ɕ	Ø	-	-	Ø	Ø	Ø	Ø		412:0	finger
28	i	1	?	Ø	Ø	g	g	g	Ø	g	k		234:0	civet or spotted wild cat
29	i	1	?	kʰ	Ø	g	kʰ	Ø	Ø	g	k		21:0	Khoitam people
30	i	1	?	Ø	Ø	Ø	m	j	j	Ø	Ø		816:0	play
31	i	1	?	Ø	Ø	f	h	f	pʰ	b	b		617:0	pheasant, kalij
32	i	1	?	Ø	Ø	kʰ	kʰ	kʰ	pʰ	Ø	Ø		1233:0	wet
33	i	1	?	Ø	Ø	tɕ	tɕ	ts	Ø	tɕ	tɕ		431:0	fly (n)
34	i	1	?	Ø	Ø	p	Ø	p	p	b	b		241:0	clitoris
35	i	1	?	Ø	Ø	pʰ	pʰ	pʰ	b	Ø	Ø		908:0	sand
36	i	1	?	tʰ	Ø	tʰ	tʰ	tʰ	t	d	Ø		352:0	earthworm
37	i	1	?	Ø	Ø	ʂ	s	s	s	ts	s		247:0	cloud, mist, fog
38	i	1	?	Ø	Ø	x	h	h	h	kʰ	kʰ		612:0	left (side)
39	i	1	?	ŋ	Ø	-	-	-	-	Ø	Ø		274:0	crow
2	i	1	?	ʑ	z	Ø	z	z	z	z	z	contraction	483:0	goral
4	i	1	?	w	w	r	r	r	r	r	r		329:0	walk, move, go
5	i	1	?	w	w	-	Ø	Ø	-	-	-		342:0	dry (adj.)
6	i	1	?	w	w	j	Ø	n	j	j	Ø		881:0	roof
7	i	1	?	b	w	pʰ	pʰ	w	pʰ	pʰ	p		109:0	bat
8	i	1	?	Ø	w	Ø	Ø	Ø	Ø	h	h		430:0	flow
4	i	1	?	tʰ	tʰ	tʰ	tʰ	tʰ	t	t	t		114:0	bear
5	i	1	?	tʰ	tʰ	t	Ø	tʰ	tʰ	tʰ	Ø		733:0	neck
6	i	1	?	tʰ	tʰ	tʰ	tʰ	tʰ	tʰ	tʰ	t		173:0	bridge
10	i	1	?	tɕʰ	tɕʰ	dz	dʑ	dʑ	Ø	dʑ	dʑ		1199:0	veranda
11	i	1	?	ɕ	tɕʰ	tsʰ	tɕʰ	tɕʰ	tɕʰ	tsʰ	tɕʰ		930:0	sharp
12	i	1	?	tɕʰ	tɕʰ	tɕʰ	tɕʰ	tɕʰ	tɕʰ	kʰ	tɕʰ		967:0	six
13	i	1	?	tɕʰ	tɕʰ	ɖʐ	dʑ	dʑ	dʑ	ɟ	dʑ		80:0	ant
14	i	1	?	tɕʰ	tɕʰ	Ø	tɕ	Ø	tɕʰ	tɕʰ	Ø		1052:0	split
15	i	1	?	tɕʰ	tɕʰ	tɕʰ	tɕʰ	tɕʰ	tɕʰ	cʰ	tɕʰ		143:0	bitter (vi)
16	i	1	?	tɕʰ	tɕʰ	tsʰ	Ø	z	tɕʰ	tsʰ	Ø		899:0	saliva
3	i	1	?	tɕ	tɕ	dz	tɕ	Ø	Ø	Ø	Ø		384:0	falcon
4	i	1	?	tɕ	tɕ	ts	Ø	tɕ	tɕ	ts	Ø		587:0	kiss (n)
5	i	1	?	tɕ	tɕ	tsʰ	Ø	s	tɕʰ	tsʰ	tɕʰ		711:0	mouth
3	i	1	ts	tsʰ	tsʰ	ts	tɕ	tɕ	tɕ	ts	tɕ	mortar asp. khis. duh. Bod. infl.	702:0	mortar (wood)
3	i	1	?	ts	ts	Ø	Ø	tɕ	tɕ	tɕ	Ø		346:0	eagle, buzzard
4	i	1	?	ts	ts	ts	tɕ	tɕ	tɕ	tɕʰ	Ø		252:0	cold
5	i	1	?	tɕʰ	ts	ts	tɕʰ	tɕ	tɕ	ts	tɕ		723:0	nail
6	i	1	?	ts	ts	d	Ø	tɕ	tɕ	d	Ø		436:0	fodder
3	i	1	?	t	t	tʰ	t	t	t	t	t		677:0	marten
4	i	1	?	t	t	d	d	d	d	d	d		120:0	beautiful / light / short / slowly / soft / smooth / thin
5	i	1	?	t	t	ʈʂʰ	t	tʰ	tʰ	Ø	Ø		1148:0	thousand
6	i	1	?	tʰ	t	tʰ	t	Ø	Ø	t	t		1205:0	waist
7	i	1	?	b	t	t	Ø	t	Ø	t	Ø		144:0	same, equal
8	i	1	?	t	t	n	n	n	n	n	n		255:0	comb
9	i	1	?	t	t	tʰ	tʰ	t	t	t	t		710:0	mouse, rat
2	i	1	?	Ø	s	ʂ	s	s	s	s	s		81:0	ant / year, next
3	i	1	?	ɕ	s	ɕ	Ø	Ø	Ø	s	Ø		38:0	Puroik
4	i	1	?	s	s	s	z	s	s	s	s		1039:0	spider
5	i	1		pʰ	pʰ	pʰ	Ø	pʰ	pʰ	p	p		545:0	how many
6	i	1		pʰ	pʰ	Ø	Ø	p	p	p	p		775:0	palm, sole
7	i	1		pʰ	pʰ	b	b	b	b	b	b		1147:0	thorn
8	i	1		pʰ	pʰ	f	h	h	h	h	h		668:0	man
6	i	1		p	p	pʰ	b	pʰ	pʰ	p	p		197:0	butterfly
7	i	1		p	p	p	p	p	p	b	p		445:0	four
8	i	1		b	p	dʑ	dʑ	Ø	dʑ	dʑ	dʑ		18:0	Jerigaon people / Khoitam people / Rahung, people of / Sherdukpen / Thembang people
2	i	1		n	n	n	h	n	n	n	n		300:0	day before yesterday
3	i	1		l	n	l	Ø	l	Ø	l	Ø		458:0	wait
4	i	1		n	n	n	n	n	pʰ	n	Ø		33:0	Namshu people / rain (n) / tomorrow / year, next
5	i	1		Ø	n	r	h	Ø	Ø	n	n		296:0	day before two days
6	i	1		n	n	n	n	n	p	n	n		1254:0	wind
3	i	1		m	m	m	m	Ø	-	m	m		121:0	bee
4	i	1		m	m	n	n	m	m	ɲ	ɲ		1249:0	who
5	i	1		p	m	m	m	m	m	m	m		682:0	medicine
6	i	1		m	m	w	w	Ø	m	m	Ø		116:0	beat, hit
6	i	1		l	l	pʰ	f	pʰ	pʰ	pʰ	pʰ		107:0	bastard
7	i	1		l	l	Ø	Ø	h	h	h	h		1008:0	song
8	i	1		n	l	r	r	r	r	r	r		131:0	belly, abdomen
9	i	1		l	l	l	l	r	l	l	l		916:0	seed
10	i	1		l	l	l	Ø	Ø	l	d	Ø		62:0	after / behind
11	i	1		l	l	l	l	l	r	l	l		55:0	ablative / that side
12	i	1		l	l	l	l	l	n	l	l		290:0	day after two days
10	i	1		kʰ	kʰ	x	kʰ	Ø	kʰ	kʰ	kʰ		122:0	bee
11	i	1		kʰ	kʰ	kʰ	g	g	kʰ	g	kʰ		645:0	locative / together with
12	i	1		kʰ	kʰ	x	h	k	k	k	k		158:0	bone
13	i	1		kʰ	kʰ	x	h	h	kʰ	h	h		1158:0	tie (vt)
14	i	1		kʰ	kʰ	kʰ	kʰ	kʰ	kʰ	k	k		589:0	knee / pillow
15	i	1		kʰ	kʰ	ʈʂʰ	-	k	kʰ	k	k		152:0	boar, wild
16	i	1		kʰ	kʰ	Ø	k	kʰ	kʰ	kʰ	Ø		127:0	beer strainer
5	i	1		Ø	k	x	h	h	h	h	k		266:0	cotton
6	i	1		Ø	k	ts	tɕ	k	k	k	k		366:0	elbow
7	i	1		k	k	kʰ	k	k	k	k	k		75:0	marten
8	i	1		Ø	k	tɕ	tɕ	Ø	Ø	kʰ	kʰ		291:0	day before two days
9	i	1		k	k	ʈʂʰ	Ø	k	k	Ø	k		311:0	deer, barking
10	i	1		Ø	k	Ø	kʰ	kʰ	kʰ	Ø	kʰ		781:0	partridge
11	i	1		k	k	kʰ	kʰ	h	kʰ	k	k		933:0	sheep
5	i	1		j	j	Ø	j	Ø	j	w	Ø		320:0	dig
6	i	1		j	j	w	w	w	w	w	w		947:0	shy, ashamed (vi)
7	i	1		j	j	-	-	-	Ø	-	-		262:0	copula, negative
8	i	1		j	j	x	h	h	h	h	h		490:0	green / white
1	i	1		hw	hw	f	h	h	h	h	h		140:0	bird / falcon
2	i	1		hw	hw	x	h	h	h	h	h		1150:0	thread
5	i	1		h	h	s	s	s	s	s	s		132:0	belly, abdomen / lungs
6	i	1		hw	h	b	pʰ	pʰ	pʰ	b	pʰ		219:0	chicken / dog / snake
7	i	1		h	h	w	w	m	m	m	m		149:0	blow
8	i	1		-	h	-	Ø	-	Ø	Ø	Ø		1241:0	where
9	i	1		h	h	-	-	-	-	-	-		410:0	finger / hand, arm / nail
10	i	1		Ø	h	g	g	Ø	g	g	g		1028:0	speak
11	i	1		ɕ	h	x	h	h	h	h	h		867:0	rib
12	i	1		Ø	h	h	Ø	l	l	h	Ø		670:0	manure
13	i	1		ɕ	h	n	n	n	pʰ	Ø	n		1175:0	tooth
14	i	1		h	h	h	h	l	l	n	l		788:0	path, road
15	i	1		h	h	Ø	Ø	p	b	b	Ø		348:0	eagle, buzzard
16	i	1		h	h	n	Ø	n	pʰ	Ø	Ø		734:0	neck
5	i	1		g	g	g	g	dʑ	dʑ	ɟ	dʑ		364:0	eight
6	i	1		g	g	dʑ	tɕʰ	dʑ	dʑ	g	Ø		170:0	break
5	i	1		dʑ	dʑ	j	j	-	-	j	-		1021:0	soybean
6	i	1		dʑ	dʑ	tsʰ	Ø	tɕʰ	tɕʰ	tsʰ	Ø		579:0	jump
7	i	1		z	dʑ	z	z	z	z	z	z		1146:0	thorn
8	i	1		dʑ	dʑ	tsʰ	tɕʰ	tsʰ	tɕʰ	tsʰ	tɕʰ		1091:0	sugarcane
9	i	1		dʑ	dʑ	dz	dʑ	dʑ	dʑ	dʑ	dʑ		639:0	live, stay
10	i	1		Ø	dʑ	dʑ	dʑ	dʑ	dʑ	dz	dʑ		392:0	fast
11	i	1		dʑ	dʑ	ʐ	Ø	z	z	z	Ø		88:0	ask
12	i	1		Ø	dʑ	dz	dʑ	dʑ	Ø	dz	Ø		1162:0	tired (vi)
13	i	1		g	dʑ	j	j	j	j	j	Ø		358:0	egg
14	i	1		dʑ	dʑ	ɖʐ	g	g	g	g	g		1097:0	swallow
15	i	1		Ø	dʑ	ɖʐ	dʑ	dʑ	dʑ	ɟ	dʑ		481:0	good
3	i	1		d	d	tʰ	t	Ø	Ø	d	tʰ		298:0	day before yesterday
4	i	1		Ø	d	d	s	Ø	Ø	d	tʰ		292:0	day before two days
5	i	1		d	d	Ø	Ø	dʑ	dʑ	dʑ	dʑ		1215:0	walking stick
6	i	1		d	d	tʰ	tʰ	Ø	r	r	tʰ		259:0	cook
7	i	1		d	d	d	d	dʑ	dʑ	d	Ø		1282:0	yesterday
8	i	1		d	d	r	r	r	r	r	t		730:0	navel
6	i	1		Ø	b	pʰ	pʰ	pʰ	pʰ	pʰ	b		265:0	cotton
7	i	1		b	b	dz	dʑ	dʑ	dʑ	dʑ	dʑ		15:0	Indo-Aryan person / Puroik / human being prefix
8	i	1		m	b	b	Ø	Ø	b	Ø	Ø		51:0	Thembang people
9	i	1		b	b	Ø	Ø	b	p	Ø	Ø		413:0	finger
10	i	1		b	b	dz	dʑ	dʑ	dʑ	z	z		726:0	name
11	i	1		b	b	b	m	m	m	m	m		136:0	belt / fruit / sister, younger
12	i	1		b	b	m	m	m	pʰ	m	b		363:0	eggplant
13	i	1		b	b	dz	dʑ	dʑ	dʑ	dz	dz		973:0	sleep
1	i	1		-	-	j	j	j	j	j	Ø		841:0	quarrel (v)
1	i	2	?	Ø	ɬ	r	r	l	r	l	l	flame and knee incomplete sets	367:0, 419:0	elbow / flame
5	i	2	bj	ɕ	ɕ	tsʰ	tɕʰ	tɕʰ	tɕʰ	tsʰ	tɕʰ	same as row 15 if Rupa ch = ts	240:0, 505:0	cliff, ravine / fall
6	i	2	pj	ɕ	ɕ	ts	tɕ	tɕ	tɕ	ts	tɕ		661:0, 876:0	maize / right
7	i	2	?	tɕʰ	ɕ	ʐ	z	z	z	z	z	656 prefix, 1177 root	656:0, 1177:0	macaque / trivet
8	i	2	pʰj	tɕʰ	ɕ	tɕ	tɕ	tɕʰ	tɕʰ	tɕʰ	Ø		17:0, 1224:0	Jerigaon people / wealthy
1	i	2	hn	h	Ø	n	n	n	m	n	n	prefixes, no Duh in 223 etc.	223:0, 225:0	chin / flour
2	i	2	?	k	Ø	kʰ	kʰ	Ø	r	Ø	Ø		229:0, 230:0	chin / lightning
3	i	2	?	Ø	Ø	b	m	m	p	m	m	prefix	1169:0, 1276:0	tomorrow / year, next
4	i	2	?	ɕ	Ø	s	s	dʑ	tɕʰ	Ø	Ø	prefix/root issues	312:0, 1106:0	deer, sambar / goat / takin
5	i	2	?	dʑ	Ø	dz	dʑ	z	z	z	z	prefix/root issues, contraction	313:0, 476:0	deer, sambar / goat
6	i	2	?	Ø	Ø	d	d	Ø	l	n	d	da/la prefix	16:0, 1200:0	Indo-Aryan person / veranda
7	i	2	?	Ø	Ø	d	t	t	t	p	t		900:0, 1038:0	saliva / spider
8	i	2	?	p	Ø	tsʰ	s	s	tɕʰ	tsʰ	tsʰ		640:0, 712:0	liver / mouth
2	i	2	w	w	w	w	w	w	w	w	w		7:0, 817:0	3sg / plough (v)
3	i	2	phl	w	w	b	b	b	b	pʰ	pʰ		794:0, 953:0	peas / sister, elder
2	i	2	d	d	tʰ	d	d	d	d	t	t	1087 only khis duh, 233 bound morpheme	233:0, 1087:0	civet or spotted wild cat / finger / stump (tree)
3	i	2	tʰ	tʰ	tʰ	d	tʰ	tʰ	tʰ	d	d		748:0, 825:0	nine / prohibitive prefix
5	i	2	tɕʰ	Ø	tɕʰ	tɕʰ	tɕʰ	tɕʰ	tɕʰ	tsʰ	tɕʰ	same as row 88 because of Rupa ch/tsh	391:0, 1132:0	millet, broomcorn / thin
6	i	2	tsj	tɕʰ	tɕʰ	ts	tɕ	tɕ	tɕ	ts	tɕ		281:0, 1023:0	cut / sparrow
7	i	2	tsʰj	tɕʰ	tɕʰ	tsʰ	tɕʰ	s	Ø	tɕʰ	tɕʰ		525:0, 534:0	honey / hornet
8	i	2	tɕʰ	tɕʰ	tɕʰ	dʑ	tɕʰ	tɕʰ	tɕʰ	tɕʰ	tɕʰ	prefix	87:0, 110:0	ash / bat
9	i	2	?	tɕ	tɕʰ	tɕʰ	tɕʰ	tsʰ	Ø	Ø	Ø		533:0, 664:0	hornet / make
2	i	2	?	t	tɕ	tsʰ	tɕʰ	tɕʰ	tɕʰ	tɕʰ	tɕʰ		609:0, 839:0	leech, water / put
2	i	2	tsʰ	tsʰ	tsʰ	tsʰ	Ø	tɕʰ	tɕʰ	tɕʰ	Ø		268:0, 738:0	cough (vi) / need to, have to
2	i	2	ts	ts	ts	s	s	ts	s	s	s	prf and root	232:0, 238:0	civet or spotted wild cat / clean
2	i	2	tʰ	t	t	tʰ	tʰ	tʰ	tʰ	tʰ	tʰ	1048, 944 only khis duh? but throw?	944:0, 1048:0	spit / throw / tooth
2	i	2	pʰl	b	pʰ	b	b	b	b	pʰ	b	actually phl in rupa	113:0, 278:0	beans / cucumber
3	i	2	pʰl	pʰ	pʰ	pʰ	pʰ	pʰ	pʰ	pʰ	p	also phl	86:0, 111:0	ash / bat
4	i	2	pʰw	pʰ	pʰ	f	h	pʰ	h	pʰ	pʰ		424:0, 531:0	flour / hornbill
4	i	2	pl	p	p	dʑ	dʑ	Ø	dʑ	l	p		32:0, 435:0	Namshu people / leech, land / sparrow
5	i	2	b	b	p	b	b	b	b	b	Ø		397:0, 1272:0	father / year, next
4	i	2	hl	l	l	h	l	l	l	l	l		315:0, 572:0	deity, ghost / intestines
5	i	2	n	b	l	b	b	b	m	b	b		211:0, 301:0	charcoal / peas
7	i	2	g	kʰ	kʰ	g	g	g	g	g	g		503:0, 1214:0	hair (head) / walking stick
8	i	2	kʰ	kʰ	kʰ	g	kʰ	kʰ	kʰ	kʰ	kʰ		27:0, 380:0	boil (n) / eye
9	i	2	k	kʰ	kʰ	kʰ	k	k	k	k	k		566:0, 970:0	ice / skin, bark
3	i	2	kʰj	kʰ	k	tɕʰ	tɕʰ	tɕʰ	tɕʰ	cʰ	tɕʰ		218:0, 990:0	chicken / snake
4	i	2	?	k	k	kʰ	k	k	g	kʰ	k		504:0, 1057:0	halt, stop / squirrel
2	i	2	jw	j	j	j	j	w	w	j	Ø		228:0, 1127:0	chin / thief
3	i	2	jw	j	j	j	j	j	h	j	h		65:0, 1283:0	split / yesterday
4	i	2	kʰw	j	j	j	h	h	h	p	p	K-hw?	208:0, 1034:0	cattle, cow / spicy, pungent
2	i	2	kw	g	g	w	w	w	-	j	j	K-w?	215:0, 1043:0	chest / spirit, soul, shadow
3	i	2	grj	g	g	ɖʐ	dʑ	dʑ	dʑ	g	g		269:0, 306:0	count / deep
4	i	2	kʰ	g	g	g	kʰ	kʰ	kʰ	g	g	soil-prefix	188:0, 689:0	buckwheat, sweet / millet, finger
2	i	2	dʑ	dʑ	dʑ	dʑ	dʑ	dʑ	dʑ	ɟ	dʑ	Rupa allophone!	441:0, 1266:0	forest / wool
3	i	2	dzw	dʑ	dʑ	ɖʐ	dʑ	dʑ	dʑ	dʑ	dʑ		542:0, 1064:0	horsefly / spear / stab
4	i	2	?	dʑ	dʑ	dz	tɕ	dʑ	tɕ	tɕ	tɕ		242:0, 979:0	clitoris / small
4	i	2	b	p	b	p	pʰ	pʰ	pʰ	pʰ	pʰ		852:0, 1040:0	rainbow / spider
5	i	2	b	b	b	b	pʰ	pʰ	p	b	b	prefix	302:0, 432:0	deaf / fly (n)
1	i	3	hla	l	ɹ	h	l	l	r	l	l		2:0, 777:0, 853:0	2pl.excl / palm, sole / rainbow
2	i	3	n	ɲ	ɲ	n	n	n	n	n	n	1160 only two attest. 687 and 1259 prefix	687:0, 1160:0, 1259:0	millet, broomcorn / millet, foxtail / tiger / wing
3	i	3	sj	ɕ	ɕ	s	s	s	s	s	s	sja-prefix (159), sw- (174), loan sha (159)	159:0, 174:0, 561:0	bone / brain / bridge, hanging / hunter
4	i	3	sj	ɕ	ɕ	ɕ	s	s	s	s	s	sja-prefix	115:0, 828:0, 888:0	bear / liver / pulse / rope
3	i	3	tɕʰw	tɕʰ	tɕʰ	ʈʂʰ	tɕʰ	tɕʰ	tɕʰ	tɕʰ	tɕʰ		145:0, 378:0, 390:0	black / excrete / far
4	i	3	tsʰj	tɕʰ	tɕʰ	tsʰ	tɕʰ	tɕʰ	tɕʰ	tɕʰ	tɕʰ		719:0, 1218:0, 1222:0	mud / warm, hot (adj.) / warm, hot (vi) / wash
1	i	3	tsʰ	tsʰ	tsʰ	tsʰ	tɕʰ	tɕʰ	tɕʰ	tsʰ	Ø		79:0, 459:0, 488:0	angry (vi) / rain (n) / word
2	i	3	pʰl	p	p	pʰ	pʰ	pʰ	pʰ	pʰ	pʰ		464:0, 739:0, 1179:0	full / needle / swell / trivet
3	i	3	pl	p	p	b	b	b	b	b	b		1013:0, 1269:0, 1277:0	sour / work / year, this
2	i	3	m	m	m	m	m	m	pʰ	m	m	prefix	104:0, 1092:0, 1137:0	banana / maize / sugarcane / thing / waist
5	i	3	hw	h	kʰ	f	h	f	h	f	f		150:0, 743:0, 786:0	blow (wind) / new / partridge
6	i	3	kʰj	kʰ	kʰ	tɕʰ	tɕʰ	tɕʰ	tɕʰ	kʰ	kʰ		161:0, 201:0, 1014:0	borrow / cane / sour
2	i	3	krj	k	k	tɕ	tɕ	tɕ	tɕ	k	kʰ		126:0, 289:0, 591:0	beer strainer / day after two days / knee
3	i	3	brj	b	b	dʑ	dʑ	dʑ	dʑ	dʑ	dʑ		554:0, 765:0, 1129:0	human being / other / reflexive marker / thief
2	i	4	zj	ʑ	ʑ	z	z	z	z	z	z		598:0, 1114:0, 1195:0, 1246:0	langur / tear (vt) / urine / white
1	i	4	z	z	z	z	z	z	z	z	z		142:0, 345:0, 383:0, 524:0	bite / dual / face / hold
3	i	4	r	l	l	l	l	r	r	l	l		163:0, 603:0, 1077:0, 1163:0	bow / leaf / quiver / stone / today
3	i	4	kh	kʰ	kʰ	g	kʰ	kʰ	kʰ	g	kʰ	soil-prefix	202:0, 350:0, 448:0, 718:0	cap, hat / ear / friend / mud / sand
4	i	4	hw	h	kʰ	f	h	h	h	h	h		69:0, 273:0, 399:0, 771:0	alive, healthy / crow / fear (vi) / outside
4	i	4	hn	h	h	n	n	n	n	n	n	part of head prefix	359:0, 755:0, 835:0, 974:0	mouth / nose / pus / slowly
1	i	4	g	g	g	g	g	g	g	g	g		1:0, 326:0, 403:0, 1037:0	1sg / fence / pull / spider
1	i	5	nj	ɲ	ɲ	n	n	n	n	ɲ	ɲ		164:0, 171:0, 206:0, 1102:0, 1189:0	brain / breast, milk / cat / tail / two
2	i	5	bj	ɕ	ɕ	tsʰ	tɕʰ	tɕʰ	tɕʰ	tɕʰ	tɕʰ		199:0, 434:0, 465:0, 473:0, 923:0	buy / fly (vi) / gall, bile / give / sew
1	i	5	jw	w	w	j	j	j	j	j	j		244:0, 423:0, 544:0, 1068:0, 1226:0	clothing / dog / house / steal / wear
1	i	5	tɕ	tɕ	tɕ	tɕ	tɕ	tɕ	tɕ	z	tɕ	586 prf; 429 khis duh; 433 jer khoi; 1256 loan	429:0, 433:0, 586:0, 1256:0, 1270:0	fly (n) / sour / trivet / window / wring, squeeze
3	i	5	hl	h	h	h	Ø	l	l	l	l		721:0, 814:0, 823:0, 937:0, 1070:0	naga, serpent deity / plant  (vt) / pour / shoe, footwear / steam
2	i	5	pw	b	b	w	w	w	w	w	w	? P-w	532:0, 671:0, 707:0, 778:0, 802:0	hornbill / manure / mountain peak / pangolin / pig
2	i	6	hj	h	h	h	h	h	h	h	h	hw?	193:0, 437:0, 658:0, 752:0, 764:0, 902:0	burn (vi) / food / machete / noon / one / salt
1	i	7	p	p	p	p	p	p	p	p	p		28:0, 212:0, 539:0, 562:0, 827:0, 1071:0, 1225:0	Monpa / boil (n) / horsefly / hunter / knee / leech, land / left (side) / pulse / steam / wealthy
1	i	8	r	l	r	r	r	r	r	r	r	480 is prf?	263:0, 480:0, 577:0, 646:0, 706:0, 856:0, 919:0, 1081:0	corpse / jackal / long / mountain peak / reap / serow / soda ash / straight
1	i	8	dʑ	dʑ	dʑ	dʑ	dʑ	dʑ	dʑ	dʑ	dʑ		29:0, 85:0, 99:0, 280:0, 552:0, 1209:0, 1229:0, 1263:0	Monpa / ascend / cure (vi) / taro / this / tuber / wait / weed, grass / woman
2	i	8	dr	d	d	r	r	r	r	r	r		139:0, 195:0, 308:0, 475:0, 516:0, 553:0, 939:0, 1228:0	bind (v) / burn, roast (vt) / hearth, fireplace / human being / keep, remain / push / shoot / weave
2	i	10	tsʰw	tɕʰ	tɕʰ	tsʰ	tɕʰ	tɕʰ	tɕʰ	tsʰ	tɕʰ		58:0, 154:0, 334:0, 357:0, 688:0, 742:0, 849:0, 882:0, 1005:0, 1108:0	above, top / boil  (water) / dragon, thunder, lightning / eat / lightning / net for fishing / rice, husked / roof / settle / son-in-law / taro
1	i	10	k	k	k	k	k	k	k	k	k		169:0, 217:0, 331:0, 386:0, 401:0, 463:0, 949:0, 1235:0, 1248:0, 1257:0	amaranth / chew / door / falcon / forehead / knee / much / sick (vi) / wheat / white / window
1	i	11	ts	ts	ts	ts	tɕ	tɕ	tɕ	ts	tɕ		189:0, 449:0, 507:0, 509:0, 686:0, 690:0, 807:0, 809:0, 1056:0, 1075:0, 1098:0	buckwheat, sweet / hard / hatch / middle / centre / millet, finger / pinch / pine kindle / sparrow / squirrel / stich / sweet
1	i	12	zj	ʑ	ʑ	ʐ	z	z	z	z	z		77:0, 90:0, 100:0, 205:0, 321:0, 493:0, 602:0, 844:0, 896:0, 963:0, 1066:0, 1089:0	angry (vi) / attic / bad / dirty / grind, pound / laugh / melt / quiver / rub; sharpen / sister-in-law / star / suck
1	i	13	tɕʰ	tɕʰ	tɕʰ	tɕʰ	tɕʰ	tɕʰ	tɕʰ	tɕʰ	tɕʰ		13:0, 123:0, 249:0, 285:0, 328:0, 408:0, 468:0, 485:0, 924:0, 1060:0, 1067:0, 1138:0, 1161:0	Indo-Aryan person / bee / cockroach / daughter-in-law / few, little / garden / gourd / honey / shade / squirrel, flying / star / thing / till (hoe)
2	i	13	kʰrj	kʰ	kʰ	ʈʂʰ	tɕʰ	tɕʰ	tɕʰ	kʰ	kʰ		14:0, 146:0, 209:0, 286:0, 527:0, 583:0, 796:0, 1046:0, 1063:0, 1065:0, 1090:0, 1107:0, 1188:0	Indo-Aryan person / cave / cry / horn / kick (v) / pheasant, kalij / pull / spit / squirrel, flying / stand (up) / suck / takin / twist
1	i	14	ŋ	ŋ	ŋ	n	n	n	n	ɲ	ɲ	(correct: 596 = 1268) red is either prefix or no Khis Duh; 951 only Khis Duh no others	64:0, 95:0, 101:0, 236:0, 239:0, 596:0, 673:0, 698:0, 768:0, 950:0, 951:0, 987:0, 1186:0, 1268:0	afternoon / back (n) / bad / civet, palm / fish / language / marrow / morning / otter / silver / smell2 (vi) / tusk / word
1	i	16	h	h	h	x	h	h	h	h	h		49:0, 147:0, 168:0, 354:0, 376:0, 428:0, 635:0, 649:0, 800:0, 886:0, 889:0, 912:0, 1018:0, 1155:0, 1198:0, 1281:0	blood / earthworm / fall / flow / like, love / louse / pheasant, tragopan / red / root / rot (vi) / scratch / smell1 (vi) / sow, broadcast / spit / spittle, spit / thunder (vi) / vegetable, leafy / yellow
1	i	18	t	t	t	t	t	t	t	t	t		23:0, 35:0, 66:0, 74:0, 157:0, 246:0, 451:0, 482:0, 540:0, 584:0, 616:0, 622:0, 633:0, 751:0, 952:0, 1049:0, 1078:0, 1149:0	Khoitam people / Puroik / afternoon / allative / cloud, mist, fog / frog / horse / horsefly / kick (v) / left (side) / lie (n) / lightning / noon / shoulder / sing / spit / spittle, spit / story / thousand / year / year, this
1	i	18	s	s	s	s	s	s	s	s	s		60:0, 103:0, 237:0, 365:0, 404:0, 407:0, 442:0, 469:0, 479:0, 486:0, 606:0, 652:0, 709:0, 913:0, 1001:0, 1116:0, 1167:0, 1253:0	aconite / banana / civet, palm / eight / fern, fiddlehead / garden / garlic / gold / grandfather / leaf litter / lungs / mouse, rat / search / soil, earth / ten / tomorrow / wind / year, next
2	i	19	r	l	l	r	r	r	r	r	r		41:0, 148:0, 183:0, 253:0, 325:0, 375:0, 381:0, 409:0, 422:0, 427:0, 443:0, 447:0, 452:0, 478:0, 508:0, 521:0, 581:0, 651:0, 868:0	Rahung, people of / brother-in-law / cold (vi) / deep / do / empty / field / float / forest / friend / frog / goitre / head / here / kick (v) / knee / lungs / morning / rib / sister, younger / sparrow
1	i	21	j	j	j	j	j	j	j	j	j		178:0, 184:0, 194:0, 318:0, 377:0, 396:0, 421:0, 439:0, 489:0, 499:0, 564:0, 601:0, 644:0, 843:0, 878:0, 946:0, 1062:0, 1141:0, 1204:0, 1211:0, 1252:0	brother (elder) / descend / excrement / fat (n) / flee / frying pan / grandmother / hail / husband / late (vi) / light / load (n) / question / ripe / shoulder / squirrel, flying / thirsty (vi) / veranda / vomit / wake up / wife
1	i	23	pʰ	pʰ	pʰ	pʰ	pʰ	pʰ	pʰ	pʰ	pʰ		40:0, 82:0, 92:0, 106:0, 112:0, 167:0, 216:0, 314:0, 353:0, 444:0, 570:0, 588:0, 608:0, 637:0, 665:0, 746:0, 812:0, 829:0, 943:0, 1017:0, 1131:0, 1159:0, 1194:0	Rahung, people of / arrive / axe / barley / beans / branch / defeat (vi) / earthworm / forget / insect / knee / leech, land / leech, water / liquor / male / night / nose / peas / plait / pumpkin / shelf / shoulder / sow, broadcast / thigh / tiger / uproot / wing
1	i	23	n	n	n	n	n	n	n	n	n		3:0, 5:0, 6:0, 24:0, 181:0, 221:0, 335:0, 344:0, 457:0, 498:0, 638:0, 745:0, 872:0, 895:0, 898:0, 948:0, 955:0, 972:0, 986:0, 993:0, 1041:0, 1095:0, 1096:0	2pl.excl / 2pl.incl / 2sg / Miji people / brother, younger / child / dragon, thunder, lightning / frost / hail / lightning / listen, heed / moon, month / night / rice, unhusked, paddy / rub / sago / shake / sick (vi) / sister, younger / sky / smell1 (vi) / snow / spider / sun, day / thunder (vi)
1	i	25	d	d	d	d	d	d	d	d	d		19:0, 108:0, 135:0, 138:0, 179:0, 251:0, 322:0, 405:0, 411:0, 453:0, 477:0, 543:0, 593:0, 599:0, 657:0, 659:0, 819:0, 824:0, 965:0, 981:0, 1002:0, 1025:0, 1166:0, 1197:0, 1238:0	Jerigaon people / bastard / big / brother (elder) / daughter / fern, fiddlehead / frog / goitre / hornet / know / lap / macaque / machete / poison / present / scratch / sit / small / soft / smooth / son / sparrow / star / tasty / together with / trivet / vegetable, leafy / when
1	i	31	sj	ɕ	ɕ	ʂ	s	s	s	s	s		11:0, 47:0, 153:0, 207:0, 258:0, 282:0, 307:0, 310:0, 347:0, 372:0, 374:0, 379:0, 389:0, 440:0, 472:0, 494:0, 513:0, 538:0, 683:0, 693:0, 779:0, 803:0, 805:0, 871:0, 932:0, 969:0, 984:0, 1022:0, 1029:0, 1058:0, 1115:0	Bugun / Shergaon, people of / boar, wild / cattle, cow / comparative degree / dance / deer, barking / elephant / exit / forest / gum / heart / horse / lie (n) / meet / mithun / pangolin / pig / pillow / pumpkin / quarrel (v) / rice, unhusked, paddy / serow / sheep / skin, bark / smell (n) / soybean / speak / squirrel / tell / wet
1	i	31	tʰ	tʰ	tʰ	tʰ	tʰ	tʰ	tʰ	tʰ	tʰ		4:0, 44:0, 50:0, 71:0, 89:0, 125:0, 203:0, 270:0, 271:0, 276:0, 283:0, 327:0, 349:0, 361:0, 514:0, 520:0, 576:0, 595:0, 759:0, 776:0, 818:0, 1104:0, 1117:0, 1119:0, 1126:0, 1140:0, 1143:0, 1164:0, 1196:0, 1203:0, 1278:0	2pl.incl / Sherdukpen / Thembang people / all / associative / beer filter / cap, hat / cover (v) / creeper, vine / dog / ear / eggplant / heart / here / ladder / oil / palm, sole / plural / rope / short / take / that / that side / thick / think / this / today / trunk (tree) / up there / vagina / village / year, this
1	i	32	b	b	b	b	b	b	b	b	b		117:0, 129:0, 172:0, 177:0, 204:0, 260:0, 261:0, 279:0, 332:0, 337:0, 415:0, 416:0, 417:0, 456:0, 462:0, 501:0, 515:0, 605:0, 729:0, 740:0, 750:0, 753:0, 766:0, 801:0, 808:0, 820:0, 833:0, 894:0, 1006:0, 1111:0, 1208:0, 1285:0	2pl.excl / breath / brother (elder) / carry / cat / copula, existential / copula, negative / curcuma sp. / down / dream (n) / eye / fire / fire prefix / frost / full / hearth, fireplace / leaf litter / left (side) / lightning / moon, month / navel / negative prefix / nominaliser / noon / other / pheasant, tragopan / pine kindle / porcupine / pumpkin / ripe / round, small object / smoke / song / spicy, pungent / stump (tree) / tasty / waist
1	i	35	m	m	m	m	m	m	m	m	m		22:0, 30:0, 43:0, 46:0, 57:0, 59:0, 76:0, 83:0, 102:0, 185:0, 196:0, 214:0, 224:0, 277:0, 284:0, 316:0, 382:0, 393:0, 400:0, 438:0, 471:0, 500:0, 551:0, 567:0, 578:0, 634:0, 694:0, 704:0, 714:0, 762:0, 769:0, 787:0, 830:0, 848:0, 1217:0	Monpa / Sherdukpen / achieve, obtain / amaranth / arrow / bamboo / buckwheat, bitter / butter / chest / chili / cucumber / daughter / deity, ghost / eye / face / female / finger / forehead / garlic / hair (body): feather / imperative / jackal / lightning / mithun / mother / much / mushroom / old / otter / path, road / potato-bean / pumpkin / radish / sky / sun, day / thunder (vi) / walnut / woman
1	i	36	l	l	l	l	l	l	l	l	l		12:0, 78:0, 97:0, 118:0, 151:0, 156:0, 162:0, 165:0, 166:0, 176:0, 222:0, 235:0, 287:0, 288:0, 351:0, 355:0, 406:0, 466:0, 519:0, 528:0, 541:0, 582:0, 594:0, 615:0, 620:0, 648:0, 705:0, 815:0, 891:0, 936:0, 945:0, 1024:0, 1171:0, 1191:0, 1232:0, 1240:0	Bugun / angry (vi) / back (wards) / beautiful / borrow / day after tomorrow / ear / earthworm / fetch / fruit / heart / heavy / hornbill / horsefly / in / kick (v) / knee / ladder / left (side) / leg / lick / look / lungs / mountain / penis / play / radish / round, small object / shoe, footwear / shoulder / sparrow / thigh / tongue / trunk (tree) / up there / wet / where
1	i	36	kʰ	kʰ	kʰ	kʰ	kʰ	kʰ	kʰ	kʰ	kʰ		25:0, 37:0, 39:0, 45:0, 52:0, 61:0, 72:0, 96:0, 128:0, 134:0, 155:0, 182:0, 200:0, 210:0, 272:0, 297:0, 333:0, 356:0, 398:0, 460:0, 484:0, 511:0, 558:0, 624:0, 741:0, 747:0, 749:0, 855:0, 926:0, 992:0, 997:0, 1009:0, 1076:0, 1079:0, 1120:0, 1187:0	Miji people / after / back (wards) / behind / belt / boil (n) / call for / charcoal / creeper, vine / day before yesterday / down (visible) / earthworm / five / frying pan / gourd / head / hungry (vi) / lift completely, carry / millet, foxtail / nest, hive, womb / nine / nomen agentis / rainbow / saliva / shake / smoke / snatch away / soda ash / soup, liquid, broth, juice / stick / story / that side / twenty / under, below / up; ascend / waist / walnut / water
1	n	1	a	ɛˀ	ɛ	ɛː	ɛ	ɛ	ɛ	a	a		364:1	eight
16	n	1	a	ɛ	ɐ̃	a	ɐ̃	Ø	ɔ̃	ɔ̃	ɔ̃		378:1	excrete
17	n	1	a	ɛ	y	i	y	y	oː	y	Ø		1282:1	yesterday
18	n	1	a	ɛ	y	Ø	y	y	ə	Ø	Ø		1060:1	squirrel, flying
19	n	1	a	ɛ	ɛ	e	aː	ɛː	ɛː	aː	aː		602:1	laugh
20	n	1	o	ɛ	ɐːʰ	e	ɐːʰ	ɔːʰ	ɔːʰ	ɔːʰ	ɔː		1111:2	tasty
21	n	1	o	ɛ	Ø	e	ɐː	Ø	Ø	oː	oː		815:1	play
22	n	1	a	ɛ	ɛ	Ø	ɛ	ɛ	ɛ	a	ɛ		1126:1	thick
23	n	1	a	ɛ	ɛˀ	ɛ	ai	ɛ	ɛ	ɛ	ɛ		409:2	field
24	n	1	a	ɛ	u	a	u	u	u	u	u		598:1	langur
25	n	1	I	ɛ	ɛː	i	aː	ɛ̃ː	ɛˀ	aː	aː		933:1	sheep
26	n	1	u	ɛ	a	ɛ	a	a	a	a	a		582:1	kick (v)
27	n	1	?	ɛ	iː	u	iː	iː	iː	yː	Ø		382:1	face
28	n	1	a	ɛ	ɐ	a	ɐ	ɔ	ɔ	ɔ	ɔ		1076:1	stick
29	n	1	?	ɛ	ɛː	e	Ø	ɛ	ɛ	ɛ	ɛ		1166:1	together with
30	n	1	?	ɛ	ɐ	Ø	ɐ	ɔ	-	ɔ	a		265:2	cotton
31	n	1	I	ɛ	ə	e	a	ə	-	ə	i		1092:1	sugarcane
32	n	1	a	ɛ	Ø	ɛ	ə	ə	-	Ø	Ø		734:1	neck
33	n	1	a	ɛ	ɛ	i	u	ɛ	ɛ	ɛ	ɛ		939:2	shoot
34	n	1	a	ɛ	ɐ	e	ɐ	ɔ	ɔ	Ø	Ø		1034:1	spicy, pungent
35	n	1	a	ɛ	eː	Ø	eː	eː	Ø	eː	Ø		1162:1	tired (vi)
36	n	1	a	ɛ	ə	ɛ	ə	u	Ø	Ø	ə		755:1	nose
37	n	1	a	ɛ	a	ɛ	a	a	a	ə	ə		277:1	cucumber
38	n	1	a	ɛ	ɐ̃ː	e	ɐ̃ː	aː	ɔ̃ː	aː	aː		1187:1	twenty
39	n	1	?	ɛ	ɐ̃ː	ɛ	ɐ̃ː	a	ɔ̃ː	a	a		979:1	small
40	n	1	a	ɛ	Ø	u	Ø	-	-	-	-		515:1	hearth, fireplace
3	n	1	o	ɔː	ɔː	a	ɔː	ɔː	oː	a	oː		1257:1	window
4	n	1	a	ɔː	ə	ɔː	ə	ə	ə	ə	ə		667:1	man
5	n	1	a	ɔː	-	a	ə	-	-	ə	-		219:1	chicken / dog / snake
6	n	1	o	ɔː	Ø	ɔː	Ø	Ø	oː	oː	Ø		1006:2	song
7	n	1	a	ɔː	a	Ø	a	a	Ø	a	a		1056:1	squirrel
1	n	1	a	ɔˀ	ɔ	ɔ	ɔ	ɔ	ɔ	ɔ	ɔ		55:1	ablative / that side
2	n	1	a	ɔˀ	Ø	ɔ	Ø	ɔ	ɔ	ɔ̃	Ø		67:0	agent
3	n	1	a	ɔˀ	ɔ	ɔ	ɔ	ɔː	oː	a	a		1146:1	thorn
15	n	1	o	ɔ	o	ɔ	-	Ø	Ø	o	o		298:1	day before yesterday
16	n	1	u	ɔ	ɛː	u	aː	ɛː	ɛː	aː	aː		1171:1	tongue
17	n	1	o	ɔ	ɔ	ɔ	Ø	Ø	Ø	y	ɔ		577:1	jackal
18	n	1	o	ɔ	a	ɔ	ɔ	a	ɔ	ɔ	ɔ		474:0	go
19	n	1	o	ɔ	eˀ	Ø	Ø	eˀ	eˀ	eˀ	Ø		601:1	late (vi)
20	n	1	a	ɔ	ɛˀ	Ø	aˀ	a	a	a	a		481:1	good
21	n	1	o	ɔ	u	u	u	u	u	u	u		203:1	cap, hat
22	n	1	o	ɔ	øː	ɔ	u	øː	øː	u	ɔ		781:1	partridge
23	n	1	o	ɔ	Ø	Ø	a	u	o	ə	Ø		214:1	chest
24	n	1	o	ɔ	u	ɔ	ɔ	yː	ɔ	ɔ	ɔ		645:1	locative / together with
25	n	1	u	ɔ	u	ɔ	ũː	u	u	u	u		1151:0	three
26	n	1	o	ɔ	-	ɔ	Ø	-	-	-	-		511:1	head
27	n	1	o	ɔ	o	ɔ	ɔ	ɔ	ɔ	o	o		297:1	day before yesterday
28	n	1	o	ɔ	Ø	ɔ	ɛ	i	Ø	i	Ø		664:1	make
29	n	1	o	ɔ	ɔ̃ː	ɔ	ɔ̃ː	ũː	Ø	ũː	ɔ̃ː		1199:1	veranda
30	n	1	a	ɔ	ɛ	Ø	ə	u	u	i	y		287:1	day after tomorrow
31	n	1	a	ɔ	ɛ	a	ɛ	a	ɛ	a	a		743:1	new
32	n	1	o	ɔ	Ø	Ø	øː	ĩː	yː	ø	Ø		635:1	like, love
33	n	1	o	ɔ	øː	ɔ	øː	ĩː	ɛ	øː	eː		1104:1	take
34	n	1	o	ɔ	Ø	ɔ	ɐ̃ː	Ø	ɔ	ɔ̃ː	ɔ̃ː		30:1	Monpa
35	n	1	o	ɔ	ɐʰ	Ø	ɐʰ	ɔʰ	ɔʰ	ɔʰ	ɔʰ		839:1	put
36	n	1	a	ɔ	-	ɔ	ə	-	a	ə	-		202:1	cap, hat
37	n	1	o	ɔ	øː	ɔ	øː	ĩː	yː	eː	eː		1222:1	wash
38	n	1	o	ɔ	ɔ	Ø	ɔː	ɔ	ɔ	ɔ	ɔ		542:1	horsefly / spear
39	n	1	a	ɔ	ə	ɔ	a	a	a	a	u		744:0	new
40	n	1	u	ɔ	Ø	u	ɐː	ɔː	ɔː	oː	Ø		817:1	plough (v)
41	n	1	a	ɔ	y	a	y	y	Ø	y	i		261:1	copula, negative
42	n	1	o	ɔ	Ø	ɔ	y	ɔ̃ː	ɔ̃ː	ɔ	Ø		864:1	rest (n)
43	n	1	o	ɔ	øː	ɔ	øː	ĩː	yː	øː	oː		173:1	bridge
44	n	1	o	ɔ	-	ɔ	-	-	-	-	u		729:1	navel
45	n	1	o	ɔ	Ø	ɔ	ɛː	ɔː	oː	a	Ø		579:1	jump
46	n	1	o	ɔ	y	ɔ	y	Ø	u	u	u		259:1	cook
47	n	1	u	ɔ	uː	ɔ	Ø	uː	uː	uː	uː		181:1	brother, younger
48	n	1	o	ɔ	ɔ	Ø	ɔ	ɔ	ɔ	k	ɔ		392:2	fast
9	n	1	a	Ø	y	Ø	a	u	ə	u	Ø		608:1	leech, land
10	n	1	o	Ø	Ø	Ø	ø	Ø	ø	øˀ	eˀ		43:1	Sherdukpen
11	n	1	I	Ø	i	Ø	y	i	Ø	y	Ø		499:1	hail
12	n	1	u	Ø	Ø	Ø	ɔː	yː	yː	Ø	Ø		150:1	blow (wind)
13	n	1	I	Ø	Ø	Ø	Ø	ĩ	ĩ	ə	i		586:1	trivet
14	n	1	a	Ø	Ø	Ø	Ø	ɛˀ	ɛˀ	u	u		177:1	brother (elder)
15	n	1	I	Ø	ɛ̃ĩ	Ø	ĩː	ĩː	Ø	Ø	Ø		651:1	lungs
16	n	1	u	Ø	-	Ø	-	y	y	ə	i		247:1	cloud, mist, fog
17	n	1	a	Ø	ə	Ø	ə	ə	u	ə	ə		652:1	lungs
18	n	1	u	Ø	uː	a	u	u	u	u	u		981:1	small / tasty
19	n	1	a	Ø	ɛ	Ø	ə	i	i	iː	Ø		452:1	frog
20	n	1	a	Ø	ə	Ø	a	y	i	y	Ø		498:1	hail
21	n	1	I	Ø	Ø	Ø	eˀ	iˀ	iˀ	eˀ	Ø		1186:1	tusk
22	n	1	a	Ø	y	Ø	a	y	y	a	a		64:1	afternoon
23	n	1	a	Ø	eˀ	Ø	ɛˀ	eˀ	ɛˀ	Ø	Ø		1232:1	wet
24	n	1	a	Ø	eː	Ø	eː	eː	Ø	yː	eː		192:1	buffalo
25	n	1	a	Ø	ə	Ø	ə	-	i	ə	ə		432:1	fly (n)
26	n	1	o	Ø	Ø	Ø	øː	ɛːʰ	ɛːʰ	Ø	Ø		778:1	pangolin
27	n	1	a	Ø	a	Ø	Ø	ə	a	ə	Ø		156:1	knee
28	n	1	o	Ø	i	i	ɔ	ɔ	ɔ	i	Ø		48:1	Shergaon, people of / afternoon
29	n	1	I	Ø	yː	Ø	yː	i	i	i	i		367:1	elbow
30	n	1	I	Ø	y	Ø	y	y	i	ə	ə		77:1	angry (vi)
31	n	1	a	Ø	a	i	a	a	ɔ̃	ɔ̃	Ø		352:2	earthworm
32	n	1	a	Ø	Ø	Ø	Ø	ɛˀ	ɛˀ	aˀ	aˀ		148:1	kick (v)
33	n	1	a	Ø	ɛ̃ː	ɛ	ɛ̃ː	Ø	ɛ̃ː	ɛ̃ː	Ø		47:1	Shergaon, people of
34	n	1	I	Ø	iː	Ø	iː	yː	yː	yː	uː		1117:1	that
35	n	1	a	Ø	ɔː	Ø	ɔ̃ː	Ø	ə	a	a		330:1	dog, wild
36	n	1	a	Ø	aː	Ø	aː	ɛː	ə	aː	aː		1143:2	this
37	n	1	u	Ø	u	a	u	uˀ	u	u	u		233:1	civet or spotted wild cat / finger
38	n	1	a	Ø	a	Ø	a	a	u	a	ɔ		770:0	outside
39	n	1	a	Ø	ɛˀ	Ø	ɛˀ	a	eˀ	eˀ	e		440:1	forest
40	n	1	I	Ø	i	u	i	Ø	Ø	y	u		40:1	Rahung, people of
41	n	1	I	Ø	y	Ø	y	i	i	y	Ø		588:1	knee
42	n	1	a	Ø	i	Ø	a	a	ə	ə	Ø		160:0	bone / root
43	n	1	a	Ø	u	Ø	u	u	u	-	-		372:1	elephant
44	n	1	a	Ø	Ø	-	ɛ	Ø	ɛ	Ø	-		548:1	how many
45	n	1	a	Ø	u	Ø	a	u	ə	ə	ə		438:1	forehead
46	n	1	a	Ø	ɛːʰ	a	aː	ɛːʰ	ɛːʰ	aː	aː		564:1	husband
47	n	1	a	Ø	ə	Ø	ə	ə	ə	-	ə		513:1	heart
48	n	1	a	Ø	a	Ø	a	a	a	-	-		805:1	pillow
49	n	1	u	Ø	uː	u	uː	uː	uː	u	Ø		175:1	bring
50	n	1	I	Ø	i	Ø	Ø	i	y	ĩː	ĩː		49:1	fall
51	n	1	a	Ø	ə	a	ɐ̃ː	ɔ̃ː	ɔ̃ː	ɔ̃ː	ɔ̃ː		210:1	charcoal
52	n	1	a	Ø	a	i	a	ɛ	ɛ	a	Ø		113:2	beans
53	n	1	a	Ø	ə	Ø	ə	y	-	ə	ə		1169:1	tomorrow
54	n	1	u	Ø	u	Ø	u	u	u	ũ	u		853:1	rainbow
55	n	1	a	Ø	ɛ	Ø	i	a	a	Ø	Ø		374:1	elephant
56	n	1	I	Ø	ɛ̃ĩ	Ø	ɛ̃ĩ	ĩˀ	ĩˀ	ɛ̃ˀː	ɛ̃ː		574:1	iron
57	n	1	I	Ø	y	Ø	y	i	i	i	i		78:1	angry (vi)
58	n	1	a	Ø	e	Ø	ɛ	e	e	e	e		612:1	left (side)
59	n	1	o	Ø	ɔ̃	Ø	ɔː	Ø	ə	Ø	Ø		44:1	Sherdukpen
60	n	1	I	Ø	ɛ̃ĩ	i	ɛ̃ː	ĩː	ĩː	ɛ̃ː	ɛ̃ː		640:2	liver
61	n	1	a	Ø	y	i	y	ə	a	Ø	Ø		225:1	chin
62	n	1	o	Ø	ɛ̃ː	ɔ	aː	ɛ̃ˀ	ɛˀ	aˀ	aː		437:1	food
63	n	1	a	Ø	-	Ø	ə	-	-	ə	ə		689:1	millet, finger
64	n	1	u	Ø	Ø	Ø	u	ũː	ũ	Ø	Ø		528:1	hornbill
65	n	1	I	Ø	ɛ̃ĩː	i	Ø	ĩː	ĩː	ɛ̃ː	ɛ		868:1	rib
66	n	1	o	Ø	aː	Ø	Ø	ɛː	ɛː	Ø	Ø		422:1	float
67	n	1	I	Ø	ø	Ø	Ø	ĩ	yː	eː	eː		1038:2	spider
68	n	1	a	Ø	a	ɛ	ə	a	ə	a	a		211:1	charcoal
69	n	1	a	Ø	y	Ø	ə	y	y	ə	u		768:1	otter
70	n	1	I	Ø	Ø	Ø	ə	-	i	-	Ø		460:1	frying pan
71	n	1	a	Ø	-	u	ə	Ø	Ø	ə	a		21:1	Khoitam people
1	n	1	u	y	yː	u	yː	yː	yː	yː	iː		1005:1	son-in-law
1	n	1	u	uˀ	ɔ	u	Ø	ɔː	oː	a	a		478:1	goitre
20	n	1	u	u	iː	u	iː	iː	iː	yː	iː		1091:1	sugarcane
21	n	1	u	u	Ø	Ø	yː	yː	Ø	øː	Ø		534:1	hornet
22	n	1	u	u	ɐ̃ː	u	ɐ̃ː	ɔ̃ː	ɔ̃ː	ɔ̃ː	ɔ̃ː		876:1	right
23	n	1	u	u	ɔ̃ː	u	ũː	ũː	ũː	ũː	ɔ̃ː		1159:1	tiger
24	n	1	u	u	a	ɔ	a	a	a	a	a		68:0	alive, healthy / egg
25	n	1	u	u	ɔː	u	ɔ̃ː	ɔ̃ː	ɔː	a	a		930:1	sharp
26	n	1	u	u	ə	u	u	ə	ə	ə	ə		136:1	belt / fruit / sister, younger
27	n	1	u	u	a	ɔ	a	a	Ø	u	u		1044:0	spirit, soul, shadow
28	n	1	u	u	Ø	u	Ø	ɔ	-	ɔ	ɔ		516:1	hearth, fireplace
29	n	1	u	u	ɔː	u	ɔː	ɔː	ɔː	a	Ø		1283:1	yesterday
30	n	1	u	u	ə	u	yː	ə	ə	yː	iː		306:1	deep
31	n	1	u	u	i	u	y	i	i	i	i		158:1	bone
32	n	1	u	u	ɔ	u	ɔ	u	ə	ɔ	ɛ		606:1	leaf litter
33	n	1	u	u	a	u	a	a	a	a	i		380:1	eye
34	n	1	u	u	ə	u	a	ə	ə	ə	u		848:1	radish
35	n	1	u	u	Ø	u	Ø	y	y	i	Ø		346:1	eagle, buzzard
36	n	1	u	u	øː	u	øː	ĩː	yː	øː	øː		595:1	ladder
37	n	1	u	u	ɐ	u	ɐ	a	a	a	a		87:1	ash
38	n	1	u	u	a	u	a	i	a	a	a		232:1	civet or spotted wild cat
39	n	1	u	u	Ø	ɔ	Ø	u	u	uː	Ø		955:1	sister, younger
40	n	1	u	u	øˀ	u	øˀ	ɔ	øˀ	ɔ	ɔ		710:1	mouse, rat
41	n	1	u	u	y	ɔ	y	y	y	y	u		235:1	heart / lungs
42	n	1	u	u	Ø	u	yː	ɔː	yː	yː	yː		894:2	round, small object
43	n	1	u	u	ø	u	ɔ	ɔ	ɔ	ɔ	ɔ		589:1	knee / pillow
44	n	1	u	u	i	i	i	i	i	i	i		723:1	nail
45	n	1	u	u	yː	Ø	yː	yː	yː	yː	u		221:1	child
46	n	1	u	u	ə	u	a	i	a	ə	ə		594:1	ladder
47	n	1	u	u	ø	u	ø	ɔ	ø	ɔ	u		404:1	fern, fiddlehead
48	n	1	u	u	Ø	u	Ø	Ø	eː	eː	Ø		128:1	behind
49	n	1	u	u	ø	u	ø	Ø	ø	ø	e		122:1	bee
50	n	1	u	u	ɛː	u	aː	ɛː	ɛː	aː	aː		1049:1	spit / spittle, spit
51	n	1	u	u	Ø	ɔ	ɛː	ɔː	oː	a	a		711:1	mouth
52	n	1	u	u	ə	u	ə	ə	ə	ə	i		554:1	human being
3	n	1	a	o	u	a	ə	u	a	ə	ə		108:1	bastard
19	n	1	I	i	i	i	iː	iː	ə	i	i		300:1	day before yesterday
20	n	1	I	i	yː	i	Ø	-	Ø	ĩː	Ø		533:1	hornet
21	n	1	I	i	iː	i	-	ə	-	iː	ə		310:2	deer, barking
22	n	1	I	i	ɛ	i	ɛ	a	ɛ	a	a		764:1	one
23	n	1	I	i	ɐʰ	i	ɐʰ	ɔʰ	ɔʰ	ɔʰ	iː		489:1	grandmother
24	n	1	I	i	ɛ̃ː	i	i	ĩː	ĩː	i	Ø		923:1	sew
25	n	1	I	i	ɛː	i	aː	ɛː	ɛː	aː	i		730:1	navel
26	n	1	I	i	Ø	i	Ø	i	iː	iː	Ø		706:1	mountain peak
27	n	1	I	i	ə	e	a	ə	ə	ə	ə		1147:1	thorn
28	n	1	I	i	ɛː	i	aː	ɛ	ɛˀ	aː	aː		60:1	aconite
29	n	1	I	i	Ø	Ø	u	i	i	Ø	Ø		539:1	horsefly
30	n	1	I	i	ĩː	ɔ	ɛ̃ː	ĩː	ĩː	Ø	Ø		661:1	maize
31	n	1	I	i	i	i	i	i	i	ə	i		844:1	quiver
32	n	1	I	i	Ø	Ø	iˀ	iˀ	eˀ	eˀ	Ø		1188:1	twist
33	n	1	I	i	i	i	y	i	i	i	i		338:1	drink
34	n	1	I	i	-	i	y	ə	ɛ	ə	ə		748:1	nine
35	n	1	I	i	iː	i	iː	iː	iː	iː	i		446:1	four
36	n	1	I	i	ɛ	i	ɛ	a	a	a	a		910:0	say
37	n	1	I	i	ə	i	ə	Ø	a	ə	ə		123:1	bee
38	n	1	I	i	y	i	y	y	y	y	u		171:1	breast, milk
2	n	1	a	eˀ	ɛˀ	e	ɛˀ	ɛˀ	ɛˀ	a	a		260:1	copula, existential
3	n	1	I	eˀ	i	e	i	ɛ	ɛ	iː	Ø		818:1	plural
4	n	1	a	e	Ø	Ø	a	uː	a	ũ	Ø		670:1	manure
5	n	1	a	e	uː	e	uː	uː	Ø	uː	uː		332:1	down
6	n	1	a	e	a	e	Ø	a	a	ə	ə		936:1	shoe, footwear / thigh
7	n	1	a	e	a	i	a	ɛ	a	a	a		325:1	do
2	n	1	a	aˀ	ɔ	a	ɔ	ɔ	oː	ɔ	u		605:1	leaf litter
38	n	1	a	a	uː	a	-	-	-	uː	uː		694:1	mithun
39	n	1	a	a	ə	a	a	ə	-	a	a		363:1	eggplant
40	n	1	a	a	ə	a	a	ə	ə	ə	i		972:1	sky
41	n	1	a	a	u	Ø	uː	uː	uː	uː	uː		288:1	day after tomorrow
42	n	1	a	a	uː	a	ɐːʰ	Ø	ə	ɔː	ɔː		121:1	bee
43	n	1	a	a	a	a	a	ɔ	ɔ	ɔ	ɔ		567:1	imperative
44	n	1	a	a	u	a	ɔ	u	u	u	ɔ		596:1	language
45	n	1	a	a	ɔ̃ː	a	yː	ũː	ũː	ũː	ɔ̃ː		719:1	mud
46	n	1	a	a	Ø	a	ə	ə	-	-	-		159:1	bone / brain
47	n	1	a	a	uː	a	-	-	uː	uː	uː		185:1	buckwheat, bitter
48	n	1	a	a	-	i	-	Ø	-	-	-		932:1	sheep
49	n	1	a	a	ɛˀ	a	a	ɛˀ	ɛˀ	a	Ø		841:1	quarrel (v)
50	n	1	a	a	uː	a	uː	uː	uː	ɔ	o		704:1	mother
51	n	1	a	a	ɛ	ɛ	ɛ	a	ɛ	a	a		682:1	medicine
52	n	1	a	a	Ø	Ø	ɔ̃ː	ũː	a	Ø	Ø		1070:1	steam
53	n	1	a	a	ɐ	Ø	ɐ	a	a	ɐ	a		266:1	cotton
54	n	1	a	a	ɐ̃ʰ	a	ɐ̃ʰ	ɔ̃ʰ	ɔ̃ʰ	ɔ	ɔ		835:1	pus
55	n	1	a	a	u	a	ũː	u	ũː	ũː	u		902:1	salt
56	n	1	a	a	a	a	a	a	ə	ɔ	a		1197:1	vegetable, leafy
57	n	1	a	a	ə	a	a	y	-	ə	ə		1254:1	wind
58	n	1	u	a	uː	Ø	uː	uː	uː	oː	Ø		459:1	rain (n)
59	n	1	a	a	ə	a	a	u	u	ə	ə		693:1	mithun
60	n	1	a	a	uː	a	yː	uː	uː	uː	uː		678:1	meat, animal
61	n	1	a	a	a	a	Ø	ũ	ɔ	u	u		1039:1	spider
62	n	1	a	a	ɔ̃ː	a	ɔ̃ː	ũ	ũ	ũ	ɔ̃ː		1141:1	thirsty (vi)
63	n	1	a	a	a	a	a	a	a	ɛ	Ø		253:1	cold (vi)
64	n	1	a	a	ɛ	a	ai	ɛ	ɛ	ɛ	ɛ		269:2	count
65	n	1	a	a	Ø	a	uː	Ø	Ø	-	-		207:1	cattle, cow
66	n	1	a	a	Ø	Ø	a	Ø	-	-	Ø		997:1	soda ash
67	n	1	a	a	-	a	-	ə	-	-	-		969:1	skin, bark
68	n	1	a	a	uˀ	a	u	uˀ	uˀ	uˀ	uˀ		92:2	axe
69	n	1	a	a	-	a	u	u	u	u	u		803:1	pig
70	n	1	I	a	i	a	i	Ø	i	Ø	u		32:1	Namshu people / leech, land
71	n	1	a	a	ɔː	a	ɔː	oː	oː	oː	oː		575:0	itch
72	n	1	a	a	ə	a	ə	ə	eː	ə	ə		191:1	buffalo / goral
73	n	1	a	a	ɐːʰ	a	ɐːʰ	ɔːʰ	ɔːʰ	ɔːʰ	ɔː		107:2	bastard
74	n	1	a	a	ə	a	a	ə	ə	y	i		993:1	snow
75	n	1	a	a	-	a	a	-	-	ə	-		718:1	mud
76	n	1	a	a	ɔ̃ː	a	ɔ̃ː	a	ɔ	aː	a		109:2	bat
77	n	1	a	a	ə	a	ə	ə	ə	ə	i		135:1	daughter
78	n	1	a	a	ɐ	a	ɐ	ũ	ũ	a	a		1229:1	weed, grass
79	n	1	a	a	Ø	a	ɔ̃ː	ũː	ũː	ɔ	Ø		882:1	roof
80	n	1	a	a	ə	a	ə	ə	ə	ɔ	ɔ		740:1	negative prefix
81	n	1	a	a	y	a	y	-	-	y	-		1022:1	soybean
82	n	1	a	a	-	Ø	y	-	-	-	-		656:1	macaque
3	n	1	a	-	-	Ø	-	-	-	u	-		392:1	fast
4	n	1	a	-	-	Ø	a	-	-	ə	-		186:1	buckwheat, bitter
5	n	1	a	-	-	-	-	-	-	ə	-		445:1	four
10	n	2	e	ɛ	i	ɛ	i	ɛ	ɛ	i	i		292:1, 479:1	day before two days / gold
11	n	2	a	ɛ	a	i	a	a	a	ə	a		767:0, 808:1	other / pine kindle
12	n	2	a	ɛ	ɛ	e	ɛ	ɛ	ɔ	a	a		616:1, 714:2	left (side) / much
13	n	2	I	ɛ	ɛ̃ĩ	e	ɛ̃ː	ĩː	ĩː	ɛ̃ː	ɛ̃ː		599:1, 1014:1	lap / sour
14	n	2	a	ɛ	ɐʰ	i	ɐʰ	ɔʰ	ɔʰ	ɔ	ɔ		820:1, 908:1	porcupine / sand
15	n	2	a	ɛ	y	u	y	ə	ə	ə	ə		1214:1, 1259:1	walking stick / wing
1	n	2	o	ɔː	-	ɔː	a	-	-	u	ɔ		520:1, 591:2	here / knee
2	n	2	o	ɔː	ɔː	u	ɔː	ɔː	oː	a	a		263:1, 331:1	corpse / door / forehead
10	n	2	o	ɔ	yː	ɔ	y	yː	yː	yː	iː		673:1, 1089:1	marrow / suck
11	n	2	o	ɔ	ɛːʰ	u	aː	ɛːʰ	ɛːʰ	aːʰ	aː		147:1, 1281:1	blood / yellow
12	n	2	o	ɔ	ɔː	a	ɔː	oː	oː	oː	oː		90:1, 1009:1	attic / soup, liquid, broth, juice / water
13	n	2	o	ɔ	ə	ɔ	a	ə	ə	ə	ə		359:1, 613:0	mouth / red
14	n	2	o	ɔ	ə	ɔ	y	ɔ	ɔ	ɔ̃ː	ɔ		89:1, 543:1	associative / star / trivet
1	n	2	a	Ø	a	Ø	ə	a	a	a	Ø		27:1, 110:1	bat / boil (n)
2	n	2	a	Ø	ə	a	ə	Ø	u	ə	u		11:1, 41:1	Bugun / Rahung, people of
3	n	2	o	Ø	øː	Ø	aː	ĩː	yː	ɔː	aː		912:1, 1120:1	scratch / that side
4	n	2	a	Ø	ɔ	i	u	u	u	u	u		228:1, 249:1	chin / cockroach
5	n	2	a	Ø	iː	Ø	aː	iː	iː	i	i		169:2, 987:1	knee / smell2 (vi)
6	n	2	a	Ø	u	Ø	ə	-	ə	ə	ə		617:1, 786:1	partridge / pheasant, kalij
7	n	2	a	Ø	ɔ	a	ɔ	ɔ	u	u	o		65:1, 1268:1	split / word
8	n	2	a	Ø	ɔ̃ː	a	ɔ̃ː	ɔ̃ː	ɔ̃ː	ɔ̃ː	Ø		274:1, 1062:1	crow / squirrel, flying
11	n	2	a	u	o	u	ɔː	-	oː	yː	Ø		31:1, 353:1	Namshu people / earthworm
12	n	2	a	u	øː	a	øː	ĩː	yː	øː	ɛ̃ː		476:1, 1040:1	goat / spider
13	n	2	a	u	-	u	ə	i	a	ə	ə		97:1, 188:1	back (wards) / buckwheat, sweet
14	n	2	a	u	uː	u	uː	ũ	ũ	ũ	ɔ		229:1, 1008:1	chin / song
15	n	2	a	u	Ø	u	ĩː	yː	yː	ɛː	Ø		766:1, 899:1	other / saliva
16	n	2	a	u	a	u	a	y	u	ə	ə		779:1, 788:1	pangolin / path, road
17	n	2	a	u	-	u	a	-	-	ə	ə		350:1, 477:1	ear / goitre
18	n	2	u	u	yː	u	yː	yː	yː	yː	i		634:1, 1177:1	lightning / trivet
19	n	2	u	u	ɔ	u	yː	u	u	u	Ø		521:1, 587:1	here / kiss (n)
2	n	2	o	o	ɔ	o	ɔ	ɔ	a	a	a		112:1, 449:1	beans / peas / sparrow
1	n	2	I	iˀ	i	i	i	i	i	i	i		289:1, 291:1	day after two days / day before two days
10	n	2	o	i	Ø	i	ə	iː	iː	ə	ɔ		29:1, 436:1	Monpa / fodder
11	n	2	o	i	ɔ̃ː	u	ɔ̃ː	ɔː	ɔ	y	i		197:2, 753:1	butterfly / noon
12	n	2	a	i	ɛˀ	i	aː	i	ɛː	ã	a		126:1, 545:1	beer strainer / how many
13	n	2	a	i	ɛ	i	ai	ɛ	ɛ	ɛ	ɛ		646:1, 726:1	long / name
14	n	2	I	i	ə	i	y	ə	-	ɛ̃ː	ə		874:0, 1175:1	ride, mount / tooth
15	n	2	I	i	ĩˀ	i	ɛ̃ˀ	ĩˀ	ĩˀ	ɛ̃ˀ	Ø		857:0, 1270:1	recognise / wring, squeeze
16	n	2	a	i	eˀ	i	eˀ	eˀ	eˀ	eˀ	eː		146:1, 209:1	cave / cry
17	n	2	a	i	ə	i	yː	ə	ə	a	ə		386:1, 867:1	falcon / rib
18	n	2	I	i	Ø	u	y	y	y	i	Ø		1129:1, 1224:1	thief / wealthy
1	n	2	I	eˀ	i	e	i	ɛ	ɛ	i	i		4:1, 824:1	2pl.incl / present
1	n	2	a	e	ɛː	a	ɔː	ɛː	ɛː	aː	aː		897:1, 1119:2	run / that side
2	n	2	a	e	a	a	ə	a	a	ə	i		333:2, 335:1	down (visible) / dragon, thunder, lightning / lightning / shake
3	n	2	a	e	ɛ	e	ø	Ø	eˀ	eˀ	Ø		66:1, 1052:1	afternoon / split
16	n	2	a	a	ɔ	a	ɔ	u	ɔ	ɔ	ɔ		273:1, 342:1	crow / dry (adj.)
17	n	2	a	a	a	a	aː	ɔ	ɔ	ɔ	a		801:1, 1148:1	pheasant, tragopan / thousand
18	n	2	a	a	ɛ	a	a	a	a	a	a		690:1, 990:1	millet, finger / snake
19	n	2	a	a	ɐ	a	ɐ	ɔ	ɔ	ɔ	o		562:1, 1001:1	hunter / soil, earth
20	n	2	a	a	ɛ	a	ɛ	a	a	a	a		200:1, 1269:2	call for / work
21	n	2	a	a	-	a	a	-	-	ə	ə		1164:1, 1233:1	today / wet
22	n	2	a	a	a	a	a	u	a	aˀ	Ø		1013:1, 1078:1	sour / story
23	n	2	a	a	ɛˀ	a	a	uː	oː	uː	uː		406:1, 812:2	fetch / plait
24	n	2	a	a	ɔ	a	a	ɔ	ø	ɔ	ɔ		413:2, 471:1	finger / garlic
25	n	2	a	a	ɐː	a	ɐː	ɔː	ɔː	ɔ	Ø		454:0, 814:1	okay / plant  (vt)
26	n	2	a	a	aˀ	a	aˀ	a	a	u	uː		28:1, 217:1	Monpa / boil (n) / chew / knee / left (side)
27	n	2	a	a	ə	a	a	ə	a	ə	Ø		62:1, 222:1	after / behind / trunk (tree)
28	n	2	a	a	u	a	u	u	ə	ə	ə		821:1, 1237:1	porcupine / wheat
29	n	2	a	a	ɛ	Ø	a	ɛ	ɛ	ɛ	ɛ		281:1, 796:1	cut / pheasant, kalij
30	n	2	a	a	ə	a	ə	ə	ə	ə	ə		494:1, 597:1	gum / langur / serow
31	n	2	a	a	a	ɔ	aː	a	a	a	a		852:1, 956:0	rainbow / sister, younger
32	n	2	a	a	ɛ	a	a	ɛ	ɛ	a	a		193:1, 1280:0	burn (vi) / yellow
33	n	2	a	a	a	a	a	a	a	aː	aː		3:1, 5:1	2pl.excl / 2pl.incl
34	n	2	a	a	ɔ̃ː	a	ɔ̃ː	ũː	ɔ	ɔ	ɔ		224:1, 532:1	chili / hornbill
35	n	2	a	a	ə	a	y	ə	ɔː	oː	oː		312:1, 760:0	deer, sambar / goat / see
36	n	2	a	a	ə	a	a	ə	-	ə	Ø		33:1, 1137:1	Namshu people / rain (n) / thing / tomorrow / year, next
37	n	2	I	a	i	i	i	iː	i	i	i		18:1, 431:1	Jerigaon people / Khoitam people / Rahung, people of / Sherdukpen / Thembang people / fly (n)
2	n	2	u	-	u	u	u	yː	yː	u	u		2:1, 94:1	2pl.excl / back (n)
6	n	3	a	ɛ	ə	ɛ	i	a	Ø	ɛ	Ø		76:1, 302:2, 443:1	amaranth / deaf / forest
7	n	3	a	ɛ	ɛ	e	ɛ	ə	a	ə	a		50:2, 578:1, 946:1	Thembang people / jackal / shoulder
8	n	3	a	ɛ	ɛː	e	aː	ɛː	ɛː	aː	aː		183:1, 199:1, 952:1	brother-in-law / buy / sing
9	n	3	a	ɛ	ɛˀ	e	aː	ɛˀ	ɛˀ	aˀ	a		102:1, 415:1, 620:1	bamboo / fire / leg
7	n	3	o	ɔ	ɛ	ɔ	ə	i	i	i	i		19:1, 290:1, 1194:1	Jerigaon people / day after two days / uproot
8	n	3	o	ɔ	øˀ	ɔ	øˀ	eˀ	øˀ	øˀ	eˀ		279:1, 1046:1, 1048:1	curcuma sp. / spit / throw
9	n	3	o	ɔ	aː	u	aː	aː	ə	aː	aː		7:1, 334:1, 355:1	3sg / dragon, thunder, lightning / earthworm / lightning
8	n	3	u	u	yː	u	yː	yː	yː	yː	yː		182:1, 308:1, 747:1	nine / push / smoke
9	n	3	a	u	a	u	a	a	a	a	a		56:0, 416:1, 1196:1	above, top / all / bad / beautiful / bitter (vi) / black / brain / branch / clean / daughter-in-law / deep / dirty / empty / far / fast / female / few, little / fire prefix / forest / full / gall, bile / grandfather / hair (body): feather / hard / heavy / husband / in / intestines / leaf / light / liver / long / male / marrow / meat, animal / much / name / pus / rest (n) / right / ripe / round, small object / same, equal / seed / sharp / short / slowly / small / smoke / soft / smooth / son / straight / sweet / tail / thin / vagina / warm, hot (adj.) / wet / white / wife
10	n	3	a	u	ɔː	a	Ø	ə	ə	ə	y		348:1, 698:1, 712:1	eagle, buzzard / morning / mouth
1	n	3	a	o	a	ɔ	a	ɛ	ɛ	a	a		794:2, 1037:1, 1057:1	peas / spider / squirrel
6	n	3	I	i	ĩː	i	ĩː	i	i	i	i		17:1, 131:1, 495:1	Jerigaon people / belly, abdomen / gum
7	n	3	a	i	ə	i	ə	ə	ə	ə	ə		132:1, 366:1, 687:1	belly, abdomen / elbow / lungs / millet, broomcorn / millet, foxtail
8	n	3	u	i	yː	i	yː	yː	yː	yː	iː		246:1, 551:1, 896:1	cloud, mist, fog / rub; sharpen / sun, day
9	n	3	a	i	-	i	ɔ	ə	ə	ə	i		448:1, 872:1, 1023:1	friend / rice, unhusked, paddy / sand / sparrow / thunder (vi)
14	n	3	a	a	ɛˀ	a	a	a	a	a	a		178:1, 603:1, 1132:1	brother (elder) / leaf / thin
15	n	3	a	a	ə	Ø	-	u	ə	-	ə		186:2, 237:1, 855:1	buckwheat, bitter / civet, palm / rainbow
1	n	3	a	-	ə	ɔː	a	ə	-	ə	ə		46:1, 104:1, 1276:1	banana / eye / maize / waist / year, next
4	n	4	a	ɛ	eˀ	ɛ	ɛˀ	eˀ	eˀ	eˀ	eˀ		622:1, 738:1, 1018:1, 1114:1	lie (n) / need to, have to / sow, broadcast / tear (vt)
5	n	4	a	ɛ	ɛ	ɛ	ɛ	a	a	a	a		152:1, 337:2, 483:1, 566:1	boar, wild / dream (n) / goral / ice
3	n	4	o	ɔ	a	ɔ	a	a	a	a	a		137:0, 384:1, 658:1, 992:1	big / brother, younger / cold / falcon / fat (n) / good / machete / middle / centre / old / snatch away / soup, liquid, broth, juice / tasty / thick
4	n	4	o	ɔ	ɔː	u	ɔː	oː	oː	oː	oː		361:1, 396:1, 469:1, 759:1	eggplant / fat (n) / garden / oil
5	n	4	o	ɔ	ɔ	ɔ	ɔ	ɔ	o	a	a		154:1, 215:1, 1063:2, 1211:1	boil  (water) / chest / squirrel, flying / wake up
6	n	4	u	ɔ	ɛːʰ	u	aː	ɛːʰ	ɛːʰ	aː	aː		162:1, 424:1, 572:1, 1102:1	borrow / flour / intestines / tail
5	n	4	I	i	ĩː	i	ĩː	ĩː	ĩː	ĩː	ĩː		886:1, 984:1, 1065:1, 1098:1	root / smell (n) / stand (up) / sweet
9	n	4	a	a	ɐˀ	a	ɐˀ	ɔˀ	ɔˀ	ɔˀ	ɔ		244:1, 329:1, 585:0, 1115:1	clothing / kill / tell / walk, move, go
10	n	4	a	a	ɔː	a	ɔː	ɔː	oː	oː	a		111:1, 315:1, 397:1, 1071:1	bat / deity, ghost / father / steam
11	n	4	a	a	ɐ̃	a	ɐ̃	ɔ̃	ɔ̃	ɔ̃	ɔ̃		255:1, 974:1, 1198:1, 1226:1	comb / slowly / vegetable, leafy / wear
12	n	4	a	a	ɛ	a	i	a	ɛ	ɔː	ɔː		74:1, 389:1, 435:2, 540:1	allative / horsefly / pumpkin / sparrow
13	n	4	a	a	-	a	-	-	-	-	-		115:1, 153:1, 484:1, 709:1	bear / boar, wild / gourd / liver / mouse, rat
3	n	5	a	ɛ	ɛ	ɛ	ɛ	ɛ	ɛ	a	a		82:1, 170:1, 321:1, 379:1, 421:1	arrive / break / dirty / exit / flee
7	n	5	a	u	ɔː	u	ɔː	ɔː	oː	a	a		639:1, 913:1, 1068:1, 1127:2, 1240:1	live, stay / search / steal / thief / where
4	n	5	I	i	eː	i	ɛː	eː	eː	eː	eː		96:1, 118:1, 241:1, 871:1, 1029:2	back (wards) / beautiful / clitoris / rice, unhusked, paddy / speak
5	n	6	u	u	i	u	i	i	i	i	i		149:1, 189:1, 410:1, 500:1, 553:1, 1017:1	blow / buckwheat, sweet / finger / hair (body): feather / hand, arm / human being / nail / sow, broadcast
6	n	6	o	u	ø	u	ø	ɔ	ø	ɔ	ɔ		236:1, 468:1, 524:1, 702:1, 1107:1, 1253:1	civet, palm / garden / hold / mortar (wood) / takin / wind
1	n	6	a	aˀ	u	a	u	u	u	u	u		86:2, 144:1, 179:1, 398:1, 451:1, 1002:1	ash / brother (elder) / frog / horse / millet, foxtail / same, equal / son
8	n	6	a	a	ɔ̃ː	a	ɔ̃ː	ũː	ũː	ũː	ɔ̃ː		24:1, 58:1, 174:1, 776:1, 1081:1, 1238:1	Miji people / above, top / bridge, hanging / palm, sole / straight / when
4	n	7	u	u	u	u	u	u	u	u	u		250:1, 256:0, 523:0, 833:2, 1043:1, 1225:1, 1277:1	cockroach / come / hide / pumpkin / spirit, soul, shadow / wealthy / year, this
2	n	8	a	ɛ	ɛ	ɛ	ai	ɛ	ɛ	ɛ	ɛ		142:2, 168:2, 270:2, 286:2, 527:2, 649:2, 816:1, 1090:1	bite / cover (v) / horn / louse / play / pull / red / suck
3	n	8	I	i	ɛː	i	aː	ɛː	ɛː	aː	aː		218:1, 230:1, 327:1, 328:1, 377:1, 439:1, 508:1, 919:1	chicken / dog / excrement / few, little / frying pan / lightning / serow / sparrow
6	n	8	a	a	u	a	u	u	u	u	u		57:1, 101:1, 120:1, 357:1, 638:1, 787:1, 948:1, 1272:1	beautiful / eat / finger / fish / light / listen, heed / path, road / short / sick (vi) / slowly / soft / smooth / thin / year, next
7	n	8	a	a	ɔ̃ː	a	ũː	ũː	ũː	ũː	ɔ̃ː		105:1, 145:1, 314:1, 558:1, 771:1, 856:1, 889:1, 937:1	black / defeat (vi) / friend / hungry (vi) / outside / reap / rot (vi) / shoe, footwear / smell1 (vi)
3	n	9	a	u	ə	u	ə	ə	ə	ə	ə		16:1, 223:1, 234:1, 316:1, 411:1, 503:1, 547:1, 1208:1, 1263:1	Indo-Aryan person / civet or spotted wild cat / deity, ghost / flour / hair (head) / hornet / how many / waist / woman
5	n	10	a	a	ə	a	a	ə	ə	ə	ə		14:1, 344:1, 387:0, 501:1, 745:1, 825:1, 945:1, 1096:1, 1106:1, 1217:1	Indo-Aryan person / child / left (side) / night / prohibitive prefix / shoulder / sun, day / takin / walnut
1	n	11	a	ɛ	ɛ	ɛ	ɛ	a	ɛ	a	a		252:1, 351:1, 393:1, 434:1, 593:1, 607:1, 648:1, 749:1, 762:1, 947:1, 1179:1	cold / ear / fly (vi) / know / leech, land / look / nomen agentis / old / potato-bean / shy, ashamed (vi) / trivet
4	n	11	a	a	ɐ̃ː	a	ɐ̃ː	ɔ̃ː	ɔ̃ː	ɔ̃ː	ɔ̃ː		59:1, 100:1, 196:1, 339:0, 354:1, 390:1, 490:1, 751:1, 1028:1, 1116:1, 1246:1	achieve, obtain / bad / butter / dry (adj.) / dry, dry up (v.i.) / earthworm / far / green / noon / speak / ten / white
2	n	14	I	i	iː	i	iː	iː	iː	iː	iː		161:1, 195:1, 311:1, 319:0, 326:1, 473:1, 480:1, 519:1, 525:1, 739:2, 791:1, 916:1, 1195:1, 1249:1	borrow / burn, roast (vt) / deer, barking / die / give / heavy / honey / needle / patient marker / pull / quarrel (v) / seed / soda ash / urine / who
2	n	20	o	ɔ	ɔ	ɔ	ɔ	ɔ	ɔ	ɔ	ɔ		71:1, 80:1, 125:1, 138:1, 242:1, 251:1, 258:1, 320:1, 373:1, 433:1, 447:1, 461:0, 491:0, 509:1, 741:1, 1058:2, 1085:2, 1149:1, 1161:1, 1204:1	all / ant / beer filter / big / clitoris / comparative degree / dig / elephant / fly (n) / friend / green / hatch / nest, hive, womb / scratch / squirrel / stump (tree) / that side / thousand / till (hoe) / vomit
3	n	20	a	a	ɐ	a	ɐ	a	a	a	a		116:1, 134:1, 143:1, 166:1, 240:1, 271:1, 391:1, 444:2, 504:1, 615:1, 637:1, 769:1, 802:1, 828:1, 1075:1, 1108:1, 1158:1, 1209:1, 1228:1, 1266:1	beat, hit / belt / bitter (vi) / cliff, ravine / creeper, vine / forget / halt, stop / lick / liquor / millet, broomcorn / otter / penis / pig / pulse / rope / stich / taro / tie (vt) / waist / wait / weave / wool
2	n	24	u	u	y	u	y	y	y	y	u		61:1, 151:1, 172:1, 283:1, 313:1, 341:0, 349:1, 383:1, 428:1, 819:1, 823:1, 895:1, 898:1, 944:1, 965:1, 967:1, 1066:1, 1067:1, 1077:1, 1155:1, 1203:1, 1205:1, 1215:1, 1256:1	after / breath / deer, sambar / dry (adj.) / ear / face / flow / in / poison / pour / rub / sago / sit / six / star / stone / thunder (vi) / tooth / trunk (tree) / up; ascend / village / waist / walking stick / window
1	n	28	u	u	yː	u	yː	yː	yː	yː	iː		22:1, 117:1, 129:1, 164:1, 204:1, 205:1, 262:1, 268:1, 272:1, 284:1, 318:1, 381:1, 408:1, 429:1, 453:1, 482:1, 493:1, 570:1, 583:1, 683:1, 721:1, 827:1, 953:1, 994:1, 1087:1, 1095:1, 1097:1, 1262:0	brain / carry / cat / copula, negative / cough (vi) / creeper, vine / daughter / deep / descend / eye / frog / grind, pound / honey / insect / kick (v) / leech, water / meet / melt / mushroom / naga, serpent deity / pulse / shoulder / sister, elder / sky / snow / sour / stump (tree) / sun, day / swallow / thunder (vi) / wipe / woman
2	n	30	a	a	uː	a	uː	uː	uː	uː	uː		1:1, 13:1, 37:1, 45:1, 52:1, 72:1, 140:1, 176:1, 208:1, 282:1, 400:1, 456:2, 475:1, 486:1, 505:1, 507:1, 552:1, 581:1, 659:1, 665:1, 668:1, 671:1, 705:1, 707:1, 849:1, 963:1, 1131:2, 1163:1, 1235:1, 1252:1	1sg / Indo-Aryan person / bird / cattle, cow / dance / falcon / fall / female / five / frost / grandfather / hard / keep, remain / machete / male / man / manure / moon, month / morning / mountain / mountain peak / radish / rice, husked / shake / sister-in-law / taro / thigh / today / tuber / under, below / walnut / wheat / wife
1	n	32	I	i	i	i	i	i	i	i	i		15:1, 79:1, 83:1, 88:1, 99:1, 163:1, 201:1, 296:1, 301:1, 345:1, 368:0, 376:1, 427:1, 442:1, 464:2, 465:1, 472:1, 488:1, 609:2, 765:1, 807:1, 809:1, 922:1, 926:1, 950:1, 973:1, 1024:1, 1084:1, 1138:1, 1140:1, 1189:1, 1218:1	Indo-Aryan person / Puroik / angry (vi) / arrow / ask / bow / cane / day before two days / dual / elbow / full / gall, bile / garlic / human being prefix / leech, water / other / palm, sole / peas / pinch / pine kindle / quiver / reflexive marker / seven / shake / silver / sister, younger / sleep / sparrow / spit / spittle, spit / stump (tree) / swell / thing / think / this / trunk (tree) / two / warm, hot (adj.) / warm, hot (vi) / wet / wood / word
1	n	38	u	ɔ	u	ɔ	u	u	u	u	u		12:1, 25:1, 75:1, 103:1, 106:1, 114:1, 139:1, 157:1, 239:1, 276:1, 278:1, 322:1, 324:1, 347:1, 358:1, 375:1, 399:1, 401:1, 403:1, 485:1, 531:1, 584:1, 625:1, 644:1, 657:1, 686:1, 733:1, 742:1, 746:1, 800:1, 829:2, 878:1, 949:1, 951:1, 970:1, 1021:1, 1064:1, 1285:2	2pl.excl / Bugun / Miji people / amaranth / bad / banana / barley / bear / bind (v) / cucumber / disease / egg / empty / fear (vi) / fence / gourd / head / hornbill / kick (v) / knee / light / load (n) / lungs / macaque / marten / middle / centre / neck / net for fishing / night / nose / pheasant, tragopan / pumpkin / quarrel (v) / ripe / short / sick (vi) / silver / skin, bark / soft / smooth / soybean / stab / year / year, this
1	n	69	a	a	a	a	a	a	a	a	a		6:1, 23:1, 35:1, 39:1, 51:1, 69:1, 81:1, 85:1, 95:1, 124:0, 127:1, 155:2, 165:1, 167:1, 184:1, 194:1, 198:1, 206:1, 212:1, 238:1, 280:1, 285:1, 365:1, 405:1, 407:1, 412:1, 417:1, 419:1, 423:1, 430:1, 441:1, 457:1, 458:1, 462:1, 463:1, 466:1, 502:1, 514:1, 541:1, 544:1, 561:1, 576:1, 624:1, 633:1, 677:1, 688:1, 750:1, 752:1, 775:1, 777:1, 830:1, 843:1, 881:1, 891:1, 900:1, 924:1, 943:1, 986:1, 1025:1, 1041:1, 1079:1, 1150:1, 1160:1, 1167:1, 1191:2, 1200:1, 1241:1, 1248:1, 1278:1	2sg / Khoitam people / Puroik / Thembang people / alive, healthy / ant / ascend / back (n) / bee / beer strainer / boil (n) / branch / brother (elder) / brother-in-law / butterfly / cat / child / clean / cure (vi) / daughter-in-law / dog / eight / father / fern, fiddlehead / finger / flame / flow / forest / frost / fruit / full / grandmother / hair (head) / heart / horsefly / house / how many / hunter / leech, land / left (side) / lift completely, carry / light / lightning / marten / moon, month / mother / much / nominaliser / noon / palm, sole / pumpkin / question / ripe / roof / round, small object / saliva / settle / shade / shelf / shoulder / sister, elder / sister-in-law / smell1 (vi) / son-in-law / sparrow / spicy, pungent / spider / story / stump (tree) / thread / tiger / tomorrow / up there / veranda / wait / when / where / white / wing / year, next / year, this
3	m	1	r	ɹ	Ø	-	-	ɹ	-	ɹ	ɹ		894:1	round, small object
2	m	1	l	ɕ	l	ɕ	l	l	l	l	l		739:1	needle
3	m	1	l	Ø	l	-	-	-	-	-	Ø		352:1	earthworm
4	m	1	r	Ø	-	-	-	-	-	Ø	ɹ		609:1	leech, water
5	m	1	j	Ø	Ø	Ø	Ø	Ø	-	j	Ø		1063:1	squirrel, flying
6	m	1	r	Ø	Ø	Ø	Ø	Ø	-	r	Ø		1085:1	stump (tree)
7	m	1	w	Ø	-	Ø	-	-	-	w	-		1143:1	this
1	m	1	r	r	Ø	-	Ø	Ø	Ø	-	r		833:1	pumpkin
2	m	1	j	j	-	j	-	-	Ø	-	-		1191:1	up there
5	m	1	l	-	l	-	-	l	ɹ	l	l		92:1	axe
6	m	1	?	-	Ø	-	-	j	Ø	-	Ø		1127:1	thief
7	m	1	l	-	l	-	Ø	l	-	-	-		1131:1	thigh
8	m	1	r	-	l	-	l	l	ɹ	l	l		1111:1	tasty
9	m	1	w	-	Ø	-	Ø	w	-	Ø	Ø		333:1	down (visible)
10	m	1	w	-	-	Ø	-	l	-	w	-		265:1	cotton
11	m	1	l	-	-	-	l	-	-	l	-		109:1	bat
12	m	1	?	-	-	-	-	-	-	k	-		310:1	deer, barking
13	m	1	l	-	-	-	l	-	Ø	-	Ø		812:1	plait
2	m	2	r	ɹ	-	-	-	-	-	-	-		155:1, 269:1	boil (n) / count
1	m	2	l	ɕ	-	ɕ	-	-	-	-	-		464:1, 640:1	full / liver / swell
1	m	2	?	Ø	Ø	Ø	Ø	Ø	t	t	t		1029:1, 1058:1	speak / squirrel
2	m	2	l	Ø	-	-	-	-	-	l	l		113:1, 794:1	beans / peas
2	m	2	l	-	l	-	l	l	l	l	l		107:1, 829:1	bastard / pumpkin
3	m	2	l	-	l	Ø	l	l	-	-	l		197:1, 435:1	butterfly / sparrow
4	m	2	j	-	-	j	-	-	-	Ø	Ø		50:1, 1119:1	Thembang people / that side
1	m	4	r	ɹ	ɹ	-	ɹ	ɹ	ɹ	ɹ	ɹ		169:1, 413:1, 1006:1, 1038:1	finger / knee / song / spider
1	m	6	r	-	l	-	l	l	r	l	l		86:1, 444:1, 456:1, 591:1, 1269:1, 1285:1	2pl.excl / ash / forget / frost / knee / moon, month / work
1	m	11	j	j	-	-	-	-	-	-	-		142:1, 168:1, 270:1, 286:1, 302:1, 337:1, 409:1, 527:1, 649:1, 714:1, 939:1	bite / cover (v) / deaf / dream (n) / field / horn / louse / much / pull / red / shoot
4	c	1	r	ɹ	Ø	l	m	m	m	m	Ø		1278:2	year, this
5	c	1	r	ɹ	n	l	n	n	m	n	n		434:2	fly (vi)
6	c	1	r	ɹ	ŋ	l	ŋ	ɹ	ɹ	n	n		479:2	gold
7	c	1	r	ɹ	Ø	-	-	-	-	Ø	Ø		899:2	saliva
8	c	1	r	ɹ	-	l	-	n	n	n	n		200:2	call for
12	c	1	ŋ	ŋ	ŋ	ŋ	ŋ	ŋ	-	ŋ	-		1197:2	vegetable, leafy
13	c	1	ŋ	ŋ	Ø	ŋ	-	-	-	w	Ø		579:2	jump
14	c	1	ŋ	ŋ	n	Ø	n	ŋ	ŋ	n	n		81:2	ant / year, next
15	c	1	ŋ	ŋ	-	ŋ	-	ŋ	ŋ	ŋ	-		1141:2	thirsty (vi)
16	c	1	ŋ	ŋ	-	ŋ	-	ŋ	ŋ	-	-		1081:2	straight
17	c	1	ŋ	ŋ	-	ŋ	-	ŋ	n	-	-		594:2	ladder
18	c	1	ŋ	ŋ	ŋ	ŋ	n	Ø	Ø	ŋ	ŋ		1205:2	waist
19	c	1	ŋ	ŋ	-	ŋ	-	ŋ	m	-	ŋ		109:3	bat
20	c	1	ŋ	ŋ	n	ŋ	n	n	n	n	n		337:3	dream (n)
21	c	1	ŋ	ŋ	ŋ	-	ŋ	ŋ	ŋ	ŋ	ŋ		167:2	branch / shelf / wing
22	c	1	ŋ	ŋ	m	ŋ	m	m	m	m	m		206:2	cat
23	c	1	ŋ	ŋ	-	-	-	-	-	-	-		661:2	maize
24	c	1	ŋ	ŋ	Ø	ŋ	ŋ	ŋ	ŋ	-	ŋ		89:2	associative
1	c	1	ŋ	Ø	-	ŋ	Ø	-	-	-	ŋ		868:2	rib
2	c	1	ŋ	Ø	ŋ	Ø	ŋ	-	-	ŋ	ŋ		94:2	back (n)
3	c	1	ŋ	Ø	-	Ø	ŋ	ŋ	ŋ	-	-		805:2	pillow
4	c	1	ŋ	Ø	ŋ	Ø	ŋ	ŋ	ŋ	k	k		78:2	angry (vi)
5	c	1	ŋ	Ø	-	Ø	-	p	-	t	Ø		607:2	leech, land
6	c	1	ŋ	Ø	ŋ	k	ŋ	ŋ	ŋ	ŋ	ŋ		625:2	light
7	c	1	?	Ø	-	ŋ	-	-	-	k	Ø		273:2	crow
8	c	1	k	Ø	k	Ø	-	k	k	-	Ø		452:2	frog
9	c	1	ŋ	Ø	k	n	-	ŋ	-	-	Ø		352:3	earthworm
10	c	1	n	Ø	-	n	-	n	n	Ø	Ø		256:1	come
11	c	1	k	Ø	-	Ø	-	k	-	-	-		440:2	forest
12	c	1	w	Ø	Ø	Ø	Ø	Ø	w	w	Ø		1063:3	squirrel, flying
13	c	1	n	Ø	n	Ø	Ø	Ø	-	Ø	Ø		616:2	left (side)
14	c	1	m	Ø	-	Ø	-	Ø	m	m	Ø		110:2	bat
15	c	1	k	Ø	k	Ø	Ø	k	Ø	p	k		1155:2	thunder (vi)
16	c	1	ŋ	Ø	ŋ	l	ŋ	ŋ	ŋ	ŋ	ŋ		500:2	hair (body): feather
17	c	1	m	Ø	m	m	-	m	m	-	-		335:2	dragon, thunder, lightning / lightning / shake
18	c	1	ŋ	Ø	ŋ	Ø	Ø	-	-	-	-		1038:3	spider
19	c	1	m	Ø	Ø	Ø	Ø	Ø	-	m	Ø		1085:3	stump (tree)
20	c	1	ŋ	Ø	-	Ø	-	ŋ	n	-	n		247:2	cloud, mist, fog
4	c	1	w	w	Ø	Ø	-	-	w	-	Ø		214:2	chest
5	c	1	w	w	-	Ø	Ø	-	-	Ø	j		781:2	partridge
6	c	1	w	w	n	w	-	ŋ	n	ŋ	ŋ		290:2	day after two days
7	c	1	w	w	n	Ø	-	ŋ	ŋ	-	-		287:2	day after tomorrow
5	c	1	t	t	k	t	k	k	k	k	k		410:2	finger / hand, arm / nail
6	c	1	t	t	ʔ	t	ʔ	t	t	t	t		379:2	exit
7	c	1	t	t	k	t	k	k	k	k	t		149:2	blow
8	c	1	t	t	ŋ	-	n	n	n	n	n		658:2	machete
9	c	1	s	t	Ø	s	t	Ø	Ø	t	t		664:2	make
10	c	1	t	t	-	-	-	-	-	-	-		598:2	langur
4	c	1	s	s	ʔ	Ø	ʔ	ʔ	ʔ	t	t		1126:2	thick
5	c	1	s	s	k	s	k	k	k	t	t		922:2	seven
5	c	1	p	p	k	p	p	k	k	k	k		741:2	nest, hive, womb
6	c	1	p	p	-	-	Ø	p	p	p	p		1166:2	together with
7	c	1	p	p	-	Ø	Ø	-	Ø	-	p		801:2	pheasant, tragopan
8	c	1	p	p	ŋ	-	ŋ	m	m	m	m		112:2	beans / peas
9	c	1	p	p	k	p	k	k	k	t	k		967:2	six
10	c	1	p	p	Ø	-	Ø	p	-	p	k		516:2	hearth, fireplace
7	c	1	n	n	-	n	-	ŋ	n	-	-		188:2	buckwheat, sweet
8	c	1	n	n	-	n	-	n	-	n	n		979:2	small
1	c	1	mp	mp	Ø	mp	-	p	p	Ø	Ø		280:2	cure (vi)
6	c	1	m	m	n	m	n	m	m	ŋ	Ø		253:2	cold (vi)
7	c	1	m	m	-	-	-	-	-	-	-		599:2	lap
8	c	1	m	m	ŋ	m	-	ŋ	ŋ	ŋ	ŋ		1151:1	three
9	c	1	m	m	-	m	-	-	ŋ	-	-		889:2	rot (vi) / smell1 (vi)
10	c	1	m	m	Ø	m	n	ŋ	m	Ø	Ø		1078:2	story
11	c	1	m	m	ɹ	m	ɹ	-	-	ɹ	j		606:2	leaf litter
12	c	1	m	m	Ø	-	m	Ø	m	Ø	Ø		50:3	Thembang people
7	c	1	k	k	k	p	k	k	k	k	k		240:2	cliff, ravine
8	c	1	k	k	Ø	k	k	-	-	k	Ø		864:2	rest (n)
9	c	1	k	k	Ø	Ø	-	-	-	-	Ø		1188:2	twist
10	c	1	k	k	k	t	k	k	k	k	k		898:2	sago
11	c	1	k	k	k	k	Ø	k	k	k	t		83:2	arrow
3	c	1	j	j	-	-	-	-	-	-	p		808:2	pine kindle
4	c	1	j	j	-	j	Ø	Ø	Ø	-	j		578:2	jackal
5	c	1	j	j	-	j	-	-	-	j	-		1187:2	twenty
11	c	1	k	-	-	-	-	-	k	-	-		748:2	nine
12	c	1	j	-	Ø	-	-	Ø	-	j	-		545:2	how many
13	c	1	t	-	ʔ	-	ʔ	ʔ	ʔ	t	t		364:2	eight
14	c	1	ŋ	-	-	-	-	ŋ	ŋ	-	-		638:2	listen, heed
15	c	1	p	-	-	-	-	p	-	p	p		710:2	mouse, rat
16	c	1	k	-	k	Ø	k	Ø	Ø	t	k		291:2	day before two days
17	c	1	k	-	k	-	k	k	k	t	t		289:2	day after two days
18	c	1	?	-	Ø	Ø	Ø	m	-	Ø	Ø	contraction	413:3	finger
19	c	1	?	-	-	-	-	-	n	-	-	epenthetic	202:2	cap, hat
20	c	1	j	-	Ø	j	Ø	-	-	Ø	Ø		333:3	down (visible)
21	c	1	r	-	-	-	-	-	ɹ	ŋ	ŋ		197:3	butterfly
22	c	1	k	-	k	-	Ø	Ø	-	-	Ø		1052:2	split
23	c	1	r	-	Ø	-	Ø	ɹ	ɹ	ɹ	ɹ		775:2	palm, sole
24	c	1	ŋ	-	Ø	Ø	-	-	ŋ	ŋ	Ø		495:2	gum
25	c	1	t	-	-	-	-	-	-	t	t		714:3	much
26	c	1	r	-	-	l	-	-	-	w	-		1257:2	window
27	c	1	r	-	Ø	l	-	Ø	-	-	-		342:2	dry (adj.)
28	c	1	?	-	-	-	m	m	m	-	-	contraction	788:2	path, road
29	c	1	w	-	Ø	w	Ø	m	m	-	Ø	contraction	955:2	sister, younger
3	c	2	r	ɹ	n	l	ŋ	n	n	n	n		374:2, 483:2	elephant / goral
6	c	2	ŋ	ŋ	ŋ	ŋ	j	ŋ	ŋ	ŋ	m		428:2, 1039:2	flow / spider
7	c	2	ŋ	ŋ	k	ŋ	k	k	k	k	k		269:3, 313:2	count / deer, sambar
8	c	2	ŋ	ŋ	ŋ	ŋ	-	ŋ	ŋ	-	-		49:2, 1199:2	fall / veranda
9	c	2	ŋ	ŋ	ŋ	n	ŋ	-	ŋ	ŋ	ŋ		301:2, 431:2	fly (n) / peas
10	c	2	m	ŋ	n	ŋ	n	m	m	m	m		238:2, 1253:2	clean / wind
11	c	2	ŋ	ŋ	ɹ	ŋ	-	-	k	ŋ	ŋ		345:2, 471:2	dual / garlic
3	c	2	w	w	-	-	-	-	-	-	-		361:2, 396:2	eggplant / fat (n)
3	c	2	t	t	k	k	t	k	k	k	k		281:2, 566:2	cut / ice
4	c	2	t	t	ʔ	t	ʔ	ʔ	ʔ	t	p		170:2, 321:2	break / dirty
3	c	2	p	p	-	-	-	-	-	-	-		844:2, 1177:2	quiver / trivet
4	c	2	p	p	k	p	k	k	k	k	k		742:2, 1203:2	net for fishing / village
4	c	2	n	n	-	n	-	-	n	-	-		30:2, 1104:2	Monpa / take
5	c	2	n	n	-	n	-	-	-	n	n		363:2, 635:2	eggplant / like, love
6	c	2	n	n	ŋ	n	ŋ	ŋ	ŋ	ŋ	ŋ		723:2, 973:2	nail / sleep
5	c	2	m	m	m	ŋ	m	m	ŋ	ŋ	m		266:2, 833:3	cotton / pumpkin
2	c	2	k	k	-	k	k	k	k	k	k		409:3, 943:2	field / shoulder
3	c	2	k	k	k	s	k	k	k	-	k		392:3, 609:3	fast / leech, water
4	c	2	k	k	Ø	k	-	ŋ	Ø	ŋ	Ø		1194:2, 1208:2	uproot / waist
5	c	2	k	k	-	-	k	-	k	Ø	Ø		514:2, 533:2	heart / hornet
6	c	2	k	k	-	k	-	-	k	k	-		596:2, 1268:2	language / word
7	c	2	ŋ	-	ŋ	-	ŋ	ŋ	Ø	ŋ	ŋ		1056:2, 1191:3	squirrel / up there
8	c	2	k	-	k	-	k	k	k	-	-		77:2, 818:2	angry (vi) / plural
9	c	2	ŋ	-	ŋ	-	-	ŋ	-	-	ŋ		44:2, 902:2	Sherdukpen / salt
10	c	2	n	-	n	-	n	n	n	-	-		74:2, 548:2	allative / how many
5	c	3	ŋ	ŋ	ŋ	ŋ	-	ŋ	ŋ	ŋ	ŋ		384:2, 542:2, 852:2	falcon / horsefly / rainbow / spear
2	c	3	w	w	-	w	-	-	-	w	w		154:2, 992:2, 1211:2	boil  (water) / snatch away / wake up
3	c	3	t	s	k	s	k	k	k	k	t		158:2, 1017:2, 1189:2	bone / sow, broadcast / two
2	c	3	p	p	-	p	-	-	-	-	-		146:2, 209:2, 1089:2	cave / cry / suck
5	c	3	k	-	k	-	k	k	k	k	k		4:2, 297:2, 591:3	2pl.incl / day before yesterday / knee
6	c	3	k	-	-	k	-	-	-	-	-		90:2, 249:2, 1002:2	attic / cockroach / son
3	c	4	ŋ	ŋ	-	ŋ	-	ŋ	ŋ	ŋ	ŋ		131:2, 532:2, 733:2, 1070:2	belly, abdomen / hornbill / neck / steam
4	c	4	ŋ	ŋ	-	ŋ	-	-	ŋ	ŋ	ŋ		27:2, 224:2, 521:2, 528:2	boil (n) / chili / here / hornbill
2	c	4	t	t	ʔ	t	t	t	t	t	t		82:2, 212:2, 421:2, 1269:3	arrive / flee / leech, land / work
2	c	4	s	s	-	ɕ	-	-	-	-	-		96:2, 118:2, 753:2, 974:2	back (wards) / beautiful / noon / slowly
3	c	4	n	n	ŋ	n	ŋ	ŋ	ŋ	n	n		189:2, 553:2, 950:2, 1140:2	buckwheat, sweet / human being / silver / think
2	c	4	j	j	-	-	-	-	-	-	-		515:2, 820:2, 933:2, 1282:2	hearth, fireplace / porcupine / sheep / yesterday
3	c	4	ŋ	-	-	-	-	-	-	ŋ	ŋ		111:2, 882:2, 912:2, 987:2	bat / roof / scratch / smell2 (vi)
4	c	4	m	-	-	-	-	-	m	-	-		121:2, 380:2, 432:2, 539:2	bee / eye / fly (n) / horsefly
2	c	5	r	ɹ	ɹ	ɹ	ɹ	ɹ	ɹ	ɹ	ɹ		365:2, 468:2, 469:2, 1079:2, 1179:2	eight / garden / story / trivet
1	c	5	w	w	-	w	-	-	-	-	-		108:2, 181:2, 575:1, 1009:2, 1028:2	bastard / brother, younger / itch / soup, liquid, broth, juice / speak / water
4	c	5	m	m	m	m	m	m	m	m	m		23:2, 198:2, 457:2, 540:2, 881:2	Khoitam people / butterfly / frost / horsefly / moon, month / roof
2	c	5	ŋ	-	-	-	-	-	ŋ	-	-		57:2, 123:2, 498:2, 853:2, 948:2	bee / finger / hail / rainbow / sick (vi)
3	c	6	m	m	ŋ	m	ŋ	ŋ	ŋ	ŋ	ŋ		114:2, 157:2, 346:2, 584:2, 878:2, 1229:2	bear / eagle, buzzard / kick (v) / ripe / weed, grass / year / year, this
1	c	7	t	t	-	t	-	-	-	-	-		244:2, 378:2, 585:1, 601:2, 738:2, 1114:2, 1115:2	clothing / excrete / kill / late (vi) / need to, have to / tear (vt) / tell
2	c	9	ŋ	ŋ	-	ŋ	-	-	-	-	-		58:2, 211:2, 490:2, 595:2, 687:2, 923:2, 1065:2, 1217:2, 1238:2	above, top / charcoal / green / ladder / millet, broomcorn / millet, foxtail / sew / stand (up) / walnut / when / white
1	c	10	r	ɹ	-	l	-	-	-	-	-		5:2, 47:2, 196:2, 229:2, 339:1, 874:1, 1060:2, 1222:2, 1248:2, 1270:2	2pl.incl / Shergaon, people of / butter / chin / dry (adj.) / dry, dry up (v.i.) / ride, mount / squirrel, flying / wash / white / wring, squeeze
1	c	10	p	p	-	p	-	p	p	p	p		242:2, 351:2, 419:2, 481:2, 587:2, 603:2, 633:2, 924:2, 1058:3, 1132:2	clitoris / ear / flame / good / kiss (n) / leaf / lightning / shade / squirrel / thin
1	c	11	s	s	-	s	-	-	-	-	-		21:2, 76:2, 122:2, 127:2, 255:2, 279:2, 857:1, 984:2, 1048:2, 1049:2, 1226:2	Khoitam people / amaranth / bee / beer strainer / comb / curcuma sp. / recognise / smell (n) / spit / spittle, spit / throw / wear
2	c	12	n	n	n	n	n	n	n	n	n		152:2, 252:2, 393:2, 593:2, 648:2, 682:2, 743:2, 749:2, 762:2, 764:2, 910:1, 947:2	boar, wild / cold / know / look / medicine / new / nomen agentis / old / one / potato-bean / say / shy, ashamed (vi)
2	c	14	m	m	n	m	n	m	m	m	m		66:2, 71:2, 236:2, 285:2, 404:2, 449:2, 524:2, 544:2, 589:2, 690:2, 702:2, 986:2, 990:2, 1107:2	afternoon / all / civet, palm / daughter-in-law / fern, fiddlehead / hold / house / knee / millet, finger / mortar (wood) / pillow / smell1 (vi) / snake / sparrow / takin
1	c	16	w	-	-	-	-	-	-	w	w		64:2, 215:2, 263:2, 330:2, 331:2, 430:2, 478:2, 639:2, 711:2, 913:2, 930:2, 1068:2, 1127:3, 1146:2, 1196:2, 1283:2	afternoon / chest / corpse / dog, wild / door / flow / forehead / goitre / live, stay / mouth / search / sharp / steal / thief / thorn / vagina / yesterday
1	c	17	n	n	-	n	-	-	-	-	-		59:2, 100:2, 113:3, 128:2, 173:2, 175:2, 210:2, 225:2, 376:2, 640:3, 734:2, 751:2, 896:2, 926:2, 1005:2, 1116:2, 1175:2	achieve, obtain / bad / beans / behind / bridge / bring / charcoal / chin / liver / neck / noon / rub; sharpen / shake / son-in-law / spit / spittle, spit / ten / tooth
1	c	18	m	m	-	m	-	-	-	-	-		33:2, 145:2, 174:2, 277:2, 314:2, 429:2, 558:2, 709:2, 719:2, 745:2, 755:2, 856:2, 937:2, 993:2, 1037:2, 1087:2, 1160:2, 1254:2	Namshu people / black / bridge, hanging / cucumber / defeat (vi) / hungry (vi) / mouse, rat / mud / night / nose / rain (n) / reap / shoe, footwear / snow / sour / spider / stump (tree) / tiger / tomorrow / wind / year, next
1	c	35	j	j	-	j	-	-	-	-	-		7:2, 102:2, 147:2, 162:2, 183:2, 193:2, 199:2, 265:3, 292:2, 382:2, 415:2, 424:2, 437:2, 454:1, 582:2, 602:2, 620:2, 760:1, 814:2, 815:2, 817:2, 835:2, 839:2, 841:2, 951:2, 952:2, 1034:2, 1076:2, 1092:2, 1102:2, 1111:3, 1162:2, 1171:2, 1214:2, 1259:2	3sg / bamboo / blood / borrow / brother-in-law / burn (vi) / buy / cotton / day before two days / face / fire / flour / food / kick (v) / laugh / leg / okay / plant  (vt) / play / plough (v) / pus / put / quarrel (v) / see / silver / sing / spicy, pungent / stick / sugarcane / tail / tasty / tired (vi) / tongue / walking stick / wing
1	c	58	k	k	k	k	k	k	k	k	k		79:2, 80:2, 88:2, 106:2, 116:2, 125:2, 134:2, 138:2, 142:3, 143:2, 165:2, 166:2, 168:3, 172:2, 251:2, 258:2, 271:2, 320:2, 341:1, 368:1, 375:2, 383:2, 391:2, 444:3, 447:2, 488:2, 504:2, 509:2, 523:1, 588:2, 615:2, 637:2, 649:3, 688:2, 769:2, 796:2, 802:2, 807:2, 819:2, 823:2, 828:2, 891:2, 939:3, 970:2, 1021:2, 1025:2, 1064:2, 1066:2, 1075:2, 1108:2, 1158:2, 1161:2, 1204:2, 1209:2, 1218:2, 1224:2, 1228:2, 1266:2	angry (vi) / ant / ask / barley / beat, hit / beer filter / belt / big / bite / bitter (vi) / breath / comparative degree / creeper, vine / dig / dry (adj.) / elbow / empty / face / forget / friend / halt, stop / hatch / head / hide / knee / left (side) / lick / liquor / louse / lungs / millet, broomcorn / otter / palm, sole / penis / pheasant, kalij / pig / pinch / poison / pour / pulse / red / rope / round, small object / scratch / settle / shoot / skin, bark / soybean / sparrow / stab / star / stich / taro / tie (vt) / till (hoe) / vomit / waist / wait / warm, hot (adj.) / warm, hot (vi) / wealthy / weave / wool / word
1	c	82	ŋ	ŋ	ŋ	ŋ	ŋ	ŋ	ŋ	ŋ	ŋ		6:2, 12:2, 35:2, 40:2, 51:2, 61:2, 69:2, 75:2, 85:2, 103:2, 139:2, 151:2, 155:3, 171:2, 184:2, 194:2, 203:2, 232:2, 235:2, 250:2, 259:2, 270:3, 276:2, 278:2, 283:2, 286:3, 302:3, 322:2, 324:2, 338:2, 347:2, 349:2, 358:2, 373:2, 399:2, 401:2, 403:2, 405:2, 407:2, 427:2, 433:2, 441:2, 442:2, 453:2, 458:2, 464:3, 466:2, 472:2, 474:1, 482:2, 485:2, 499:2, 502:2, 527:3, 576:2, 577:2, 624:2, 644:2, 646:2, 657:2, 677:2, 686:2, 726:2, 746:2, 816:2, 829:3, 895:2, 944:2, 965:2, 1024:2, 1043:2, 1067:2, 1077:2, 1084:2, 1090:2, 1138:2, 1149:2, 1150:2, 1167:2, 1215:2, 1256:2, 1285:3	2pl.excl / 2sg / Bugun / Puroik / Rahung, people of / Thembang people / after / alive, healthy / amaranth / ascend / banana / bind (v) / boil (n) / breast, milk / cap, hat / civet or spotted wild cat / cockroach / cook / cover (v) / cucumber / deaf / disease / drink / ear / egg / elephant / fear (vi) / fence / fern, fiddlehead / fly (n) / forest / frog / fruit / full / garlic / go / gourd / hail / hair (head) / heart / horn / in / jackal / lift completely, carry / light / load (n) / long / lungs / macaque / marten / middle / centre / name / night / nose / play / pull / pumpkin / quarrel (v) / rub / short / shoulder / sister, younger / sit / soft / smooth / sparrow / spirit, soul, shadow / star / stone / stump (tree) / suck / swell / thing / thousand / thread / tomorrow / tooth / trunk (tree) / up there / up; ascend / veranda / wait / walking stick / wet / window / wood / year, next

