ID	FREQUENCY	Duhumbi	Jerigaon	Khispi	Khoina	Khoitam	Rahung	Rupa	Shergaon	COGIDS	CONCEPTS
1	1	ɛˀ	ɛ	ɛː	ɛ	ɛ	ɛ	a	a	364:1	eight
1	11	ɛ	ɛ	ɛ	ɛ	a	ɛ	a	a	252:1, 351:1, 393:1, 434:1, 593:1, 607:1, 648:1, 749:1, 762:1, 947:1, 1179:1	cold / ear / fly (vi) / know / leech, land / look / nomen agentis / old / potato-bean / shy, ashamed (vi) / trivet
2	8	ɛ	ɛ	ɛ	ai	ɛ	ɛ	ɛ	ɛ	142:2, 168:2, 270:2, 286:2, 527:2, 649:2, 816:1, 1090:1	bite / cover (v) / horn / louse / play / pull / red / suck
3	5	ɛ	ɛ	ɛ	ɛ	ɛ	ɛ	a	a	82:1, 170:1, 321:1, 379:1, 421:1	arrive / break / dirty / exit / flee
4	4	ɛ	eˀ	ɛ	ɛˀ	eˀ	eˀ	eˀ	eˀ	622:1, 738:1, 1018:1, 1114:1	lie (n) / need to, have to / sow, broadcast / tear (vt)
5	4	ɛ	ɛ	ɛ	ɛ	a	a	a	a	152:1, 337:2, 483:1, 566:1	boar, wild / dream (n) / goral / ice
6	3	ɛ	ə	ɛ	i	a	Ø	ɛ	Ø	76:1, 302:2, 443:1	amaranth / deaf / forest
7	3	ɛ	ɛ	e	ɛ	ə	a	ə	a	50:2, 578:1, 946:1	Thembang people / jackal / shoulder
8	3	ɛ	ɛː	e	aː	ɛː	ɛː	aː	aː	183:1, 199:1, 952:1	brother-in-law / buy / sing
9	3	ɛ	ɛˀ	e	aː	ɛˀ	ɛˀ	aˀ	a	102:1, 415:1, 620:1	bamboo / fire / leg
10	2	ɛ	i	ɛ	i	ɛ	ɛ	i	i	292:1, 479:1	day before two days / gold
11	2	ɛ	a	i	a	a	a	ə	a	767:0, 808:1	other / pine kindle
12	2	ɛ	ɛ	e	ɛ	ɛ	ɔ	a	a	616:1, 714:2	left (side) / much
13	2	ɛ	ɛ̃ĩ	e	ɛ̃ː	ĩː	ĩː	ɛ̃ː	ɛ̃ː	599:1, 1014:1	lap / sour
14	2	ɛ	ɐʰ	i	ɐʰ	ɔʰ	ɔʰ	ɔ	ɔ	820:1, 908:1	porcupine / sand
15	2	ɛ	y	u	y	ə	ə	ə	ə	1214:1, 1259:1	walking stick / wing
16	1	ɛ	ɐ̃	a	ɐ̃	Ø	ɔ̃	ɔ̃	ɔ̃	378:1	excrete
17	1	ɛ	y	i	y	y	oː	y	Ø	1282:1	yesterday
18	1	ɛ	y	Ø	y	y	ə	Ø	Ø	1060:1	squirrel, flying
19	1	ɛ	ɛ	e	aː	ɛː	ɛː	aː	aː	602:1	laugh
20	1	ɛ	ɐːʰ	e	ɐːʰ	ɔːʰ	ɔːʰ	ɔːʰ	ɔː	1111:2	tasty
21	1	ɛ	Ø	e	ɐː	Ø	Ø	oː	oː	815:1	play
22	1	ɛ	ɛ	Ø	ɛ	ɛ	ɛ	a	ɛ	1126:1	thick
23	1	ɛ	ɛˀ	ɛ	ai	ɛ	ɛ	ɛ	ɛ	409:2	field
24	1	ɛ	u	a	u	u	u	u	u	598:1	langur
25	1	ɛ	ɛː	i	aː	ɛ̃ː	ɛˀ	aː	aː	933:1	sheep
26	1	ɛ	a	ɛ	a	a	a	a	a	582:1	kick (v)
27	1	ɛ	iː	u	iː	iː	iː	yː	Ø	382:1	face
28	1	ɛ	ɐ	a	ɐ	ɔ	ɔ	ɔ	ɔ	1076:1	stick
29	1	ɛ	ɛː	e	Ø	ɛ	ɛ	ɛ	ɛ	1166:1	together with
30	1	ɛ	ɐ	Ø	ɐ	ɔ	-	ɔ	a	265:2	cotton
31	1	ɛ	ə	e	a	ə	-	ə	i	1092:1	sugarcane
32	1	ɛ	Ø	ɛ	ə	ə	-	Ø	Ø	734:1	neck
33	1	ɛ	ɛ	i	u	ɛ	ɛ	ɛ	ɛ	939:2	shoot
34	1	ɛ	ɐ	e	ɐ	ɔ	ɔ	Ø	Ø	1034:1	spicy, pungent
35	1	ɛ	eː	Ø	eː	eː	Ø	eː	Ø	1162:1	tired (vi)
36	1	ɛ	ə	ɛ	ə	u	Ø	Ø	ə	755:1	nose
37	1	ɛ	a	ɛ	a	a	a	ə	ə	277:1	cucumber
38	1	ɛ	ɐ̃ː	e	ɐ̃ː	aː	ɔ̃ː	aː	aː	1187:1	twenty
39	1	ɛ	ɐ̃ː	ɛ	ɐ̃ː	a	ɔ̃ː	a	a	979:1	small
40	1	ɛ	Ø	u	Ø	-	-	-	-	515:1	hearth, fireplace
1	2	ɔː	-	ɔː	a	-	-	u	ɔ	520:1, 591:2	here / knee
2	2	ɔː	ɔː	u	ɔː	ɔː	oː	a	a	263:1, 331:1	corpse / door / forehead
3	1	ɔː	ɔː	a	ɔː	ɔː	oː	a	oː	1257:1	window
4	1	ɔː	ə	ɔː	ə	ə	ə	ə	ə	667:1	man
5	1	ɔː	-	a	ə	-	-	ə	-	219:1	chicken / dog / snake
6	1	ɔː	Ø	ɔː	Ø	Ø	oː	oː	Ø	1006:2	song
7	1	ɔː	a	Ø	a	a	Ø	a	a	1056:1	squirrel
1	1	ɔˀ	ɔ	ɔ	ɔ	ɔ	ɔ	ɔ	ɔ	55:1	ablative / that side
2	1	ɔˀ	Ø	ɔ	Ø	ɔ	ɔ	ɔ̃	Ø	67:0	agent
3	1	ɔˀ	ɔ	ɔ	ɔ	ɔː	oː	a	a	1146:1	thorn
1	38	ɔ	u	ɔ	u	u	u	u	u	12:1, 25:1, 75:1, 103:1, 106:1, 114:1, 139:1, 157:1, 239:1, 276:1, 278:1, 322:1, 324:1, 347:1, 358:1, 375:1, 399:1, 401:1, 403:1, 485:1, 531:1, 584:1, 625:1, 644:1, 657:1, 686:1, 733:1, 742:1, 746:1, 800:1, 829:2, 878:1, 949:1, 951:1, 970:1, 1021:1, 1064:1, 1285:2	2pl.excl / Bugun / Miji people / amaranth / bad / banana / barley / bear / bind (v) / cucumber / disease / egg / empty / fear (vi) / fence / gourd / head / hornbill / kick (v) / knee / light / load (n) / lungs / macaque / marten / middle / centre / neck / net for fishing / night / nose / pheasant, tragopan / pumpkin / quarrel (v) / ripe / short / sick (vi) / silver / skin, bark / soft / smooth / soybean / stab / year / year, this
2	20	ɔ	ɔ	ɔ	ɔ	ɔ	ɔ	ɔ	ɔ	71:1, 80:1, 125:1, 138:1, 242:1, 251:1, 258:1, 320:1, 373:1, 433:1, 447:1, 461:0, 491:0, 509:1, 741:1, 1058:2, 1085:2, 1149:1, 1161:1, 1204:1	all / ant / beer filter / big / clitoris / comparative degree / dig / elephant / fly (n) / friend / green / hatch / nest, hive, womb / scratch / squirrel / stump (tree) / that side / thousand / till (hoe) / vomit
3	4	ɔ	a	ɔ	a	a	a	a	a	137:0, 384:1, 658:1, 992:1	big / brother, younger / cold / falcon / fat (n) / good / machete / middle / centre / old / snatch away / soup, liquid, broth, juice / tasty / thick
4	4	ɔ	ɔː	u	ɔː	oː	oː	oː	oː	361:1, 396:1, 469:1, 759:1	eggplant / fat (n) / garden / oil
5	4	ɔ	ɔ	ɔ	ɔ	ɔ	o	a	a	154:1, 215:1, 1063:2, 1211:1	boil  (water) / chest / squirrel, flying / wake up
6	4	ɔ	ɛːʰ	u	aː	ɛːʰ	ɛːʰ	aː	aː	162:1, 424:1, 572:1, 1102:1	borrow / flour / intestines / tail
7	3	ɔ	ɛ	ɔ	ə	i	i	i	i	19:1, 290:1, 1194:1	Jerigaon people / day after two days / uproot
8	3	ɔ	øˀ	ɔ	øˀ	eˀ	øˀ	øˀ	eˀ	279:1, 1046:1, 1048:1	curcuma sp. / spit / throw
9	3	ɔ	aː	u	aː	aː	ə	aː	aː	7:1, 334:1, 355:1	3sg / dragon, thunder, lightning / earthworm / lightning
10	2	ɔ	yː	ɔ	y	yː	yː	yː	iː	673:1, 1089:1	marrow / suck
11	2	ɔ	ɛːʰ	u	aː	ɛːʰ	ɛːʰ	aːʰ	aː	147:1, 1281:1	blood / yellow
12	2	ɔ	ɔː	a	ɔː	oː	oː	oː	oː	90:1, 1009:1	attic / soup, liquid, broth, juice / water
13	2	ɔ	ə	ɔ	a	ə	ə	ə	ə	359:1, 613:0	mouth / red
14	2	ɔ	ə	ɔ	y	ɔ	ɔ	ɔ̃ː	ɔ	89:1, 543:1	associative / star / trivet
15	1	ɔ	o	ɔ	-	Ø	Ø	o	o	298:1	day before yesterday
16	1	ɔ	ɛː	u	aː	ɛː	ɛː	aː	aː	1171:1	tongue
17	1	ɔ	ɔ	ɔ	Ø	Ø	Ø	y	ɔ	577:1	jackal
18	1	ɔ	a	ɔ	ɔ	a	ɔ	ɔ	ɔ	474:0	go
19	1	ɔ	eˀ	Ø	Ø	eˀ	eˀ	eˀ	Ø	601:1	late (vi)
20	1	ɔ	ɛˀ	Ø	aˀ	a	a	a	a	481:1	good
21	1	ɔ	u	u	u	u	u	u	u	203:1	cap, hat
22	1	ɔ	øː	ɔ	u	øː	øː	u	ɔ	781:1	partridge
23	1	ɔ	Ø	Ø	a	u	o	ə	Ø	214:1	chest
24	1	ɔ	u	ɔ	ɔ	yː	ɔ	ɔ	ɔ	645:1	locative / together with
25	1	ɔ	u	ɔ	ũː	u	u	u	u	1151:0	three
26	1	ɔ	-	ɔ	Ø	-	-	-	-	511:1	head
27	1	ɔ	o	ɔ	ɔ	ɔ	ɔ	o	o	297:1	day before yesterday
28	1	ɔ	Ø	ɔ	ɛ	i	Ø	i	Ø	664:1	make
29	1	ɔ	ɔ̃ː	ɔ	ɔ̃ː	ũː	Ø	ũː	ɔ̃ː	1199:1	veranda
30	1	ɔ	ɛ	Ø	ə	u	u	i	y	287:1	day after tomorrow
31	1	ɔ	ɛ	a	ɛ	a	ɛ	a	a	743:1	new
32	1	ɔ	Ø	Ø	øː	ĩː	yː	ø	Ø	635:1	like, love
33	1	ɔ	øː	ɔ	øː	ĩː	ɛ	øː	eː	1104:1	take
34	1	ɔ	Ø	ɔ	ɐ̃ː	Ø	ɔ	ɔ̃ː	ɔ̃ː	30:1	Monpa
35	1	ɔ	ɐʰ	Ø	ɐʰ	ɔʰ	ɔʰ	ɔʰ	ɔʰ	839:1	put
36	1	ɔ	-	ɔ	ə	-	a	ə	-	202:1	cap, hat
37	1	ɔ	øː	ɔ	øː	ĩː	yː	eː	eː	1222:1	wash
38	1	ɔ	ɔ	Ø	ɔː	ɔ	ɔ	ɔ	ɔ	542:1	horsefly / spear
39	1	ɔ	ə	ɔ	a	a	a	a	u	744:0	new
40	1	ɔ	Ø	u	ɐː	ɔː	ɔː	oː	Ø	817:1	plough (v)
41	1	ɔ	y	a	y	y	Ø	y	i	261:1	copula, negative
42	1	ɔ	Ø	ɔ	y	ɔ̃ː	ɔ̃ː	ɔ	Ø	864:1	rest (n)
43	1	ɔ	øː	ɔ	øː	ĩː	yː	øː	oː	173:1	bridge
44	1	ɔ	-	ɔ	-	-	-	-	u	729:1	navel
45	1	ɔ	Ø	ɔ	ɛː	ɔː	oː	a	Ø	579:1	jump
46	1	ɔ	y	ɔ	y	Ø	u	u	u	259:1	cook
47	1	ɔ	uː	ɔ	Ø	uː	uː	uː	uː	181:1	brother, younger
48	1	ɔ	ɔ	Ø	ɔ	ɔ	ɔ	k	ɔ	392:2	fast
1	2	Ø	a	Ø	ə	a	a	a	Ø	27:1, 110:1	bat / boil (n)
2	2	Ø	ə	a	ə	Ø	u	ə	u	11:1, 41:1	Bugun / Rahung, people of
3	2	Ø	øː	Ø	aː	ĩː	yː	ɔː	aː	912:1, 1120:1	scratch / that side
4	2	Ø	ɔ	i	u	u	u	u	u	228:1, 249:1	chin / cockroach
5	2	Ø	iː	Ø	aː	iː	iː	i	i	169:2, 987:1	knee / smell2 (vi)
6	2	Ø	u	Ø	ə	-	ə	ə	ə	617:1, 786:1	partridge / pheasant, kalij
7	2	Ø	ɔ	a	ɔ	ɔ	u	u	o	65:1, 1268:1	split / word
8	2	Ø	ɔ̃ː	a	ɔ̃ː	ɔ̃ː	ɔ̃ː	ɔ̃ː	Ø	274:1, 1062:1	crow / squirrel, flying
9	1	Ø	y	Ø	a	u	ə	u	Ø	608:1	leech, land
10	1	Ø	Ø	Ø	ø	Ø	ø	øˀ	eˀ	43:1	Sherdukpen
11	1	Ø	i	Ø	y	i	Ø	y	Ø	499:1	hail
12	1	Ø	Ø	Ø	ɔː	yː	yː	Ø	Ø	150:1	blow (wind)
13	1	Ø	Ø	Ø	Ø	ĩ	ĩ	ə	i	586:1	trivet
14	1	Ø	Ø	Ø	Ø	ɛˀ	ɛˀ	u	u	177:1	brother (elder)
15	1	Ø	ɛ̃ĩ	Ø	ĩː	ĩː	Ø	Ø	Ø	651:1	lungs
16	1	Ø	-	Ø	-	y	y	ə	i	247:1	cloud, mist, fog
17	1	Ø	ə	Ø	ə	ə	u	ə	ə	652:1	lungs
18	1	Ø	uː	a	u	u	u	u	u	981:1	small / tasty
19	1	Ø	ɛ	Ø	ə	i	i	iː	Ø	452:1	frog
20	1	Ø	ə	Ø	a	y	i	y	Ø	498:1	hail
21	1	Ø	Ø	Ø	eˀ	iˀ	iˀ	eˀ	Ø	1186:1	tusk
22	1	Ø	y	Ø	a	y	y	a	a	64:1	afternoon
23	1	Ø	eˀ	Ø	ɛˀ	eˀ	ɛˀ	Ø	Ø	1232:1	wet
24	1	Ø	eː	Ø	eː	eː	Ø	yː	eː	192:1	buffalo
25	1	Ø	ə	Ø	ə	-	i	ə	ə	432:1	fly (n)
26	1	Ø	Ø	Ø	øː	ɛːʰ	ɛːʰ	Ø	Ø	778:1	pangolin
27	1	Ø	a	Ø	Ø	ə	a	ə	Ø	156:1	knee
28	1	Ø	i	i	ɔ	ɔ	ɔ	i	Ø	48:1	Shergaon, people of / afternoon
29	1	Ø	yː	Ø	yː	i	i	i	i	367:1	elbow
30	1	Ø	y	Ø	y	y	i	ə	ə	77:1	angry (vi)
31	1	Ø	a	i	a	a	ɔ̃	ɔ̃	Ø	352:2	earthworm
32	1	Ø	Ø	Ø	Ø	ɛˀ	ɛˀ	aˀ	aˀ	148:1	kick (v)
33	1	Ø	ɛ̃ː	ɛ	ɛ̃ː	Ø	ɛ̃ː	ɛ̃ː	Ø	47:1	Shergaon, people of
34	1	Ø	iː	Ø	iː	yː	yː	yː	uː	1117:1	that
35	1	Ø	ɔː	Ø	ɔ̃ː	Ø	ə	a	a	330:1	dog, wild
36	1	Ø	aː	Ø	aː	ɛː	ə	aː	aː	1143:2	this
37	1	Ø	u	a	u	uˀ	u	u	u	233:1	civet or spotted wild cat / finger
38	1	Ø	a	Ø	a	a	u	a	ɔ	770:0	outside
39	1	Ø	ɛˀ	Ø	ɛˀ	a	eˀ	eˀ	e	440:1	forest
40	1	Ø	i	u	i	Ø	Ø	y	u	40:1	Rahung, people of
41	1	Ø	y	Ø	y	i	i	y	Ø	588:1	knee
42	1	Ø	i	Ø	a	a	ə	ə	Ø	160:0	bone / root
43	1	Ø	u	Ø	u	u	u	-	-	372:1	elephant
44	1	Ø	Ø	-	ɛ	Ø	ɛ	Ø	-	548:1	how many
45	1	Ø	u	Ø	a	u	ə	ə	ə	438:1	forehead
46	1	Ø	ɛːʰ	a	aː	ɛːʰ	ɛːʰ	aː	aː	564:1	husband
47	1	Ø	ə	Ø	ə	ə	ə	-	ə	513:1	heart
48	1	Ø	a	Ø	a	a	a	-	-	805:1	pillow
49	1	Ø	uː	u	uː	uː	uː	u	Ø	175:1	bring
50	1	Ø	i	Ø	Ø	i	y	ĩː	ĩː	49:1	fall
51	1	Ø	ə	a	ɐ̃ː	ɔ̃ː	ɔ̃ː	ɔ̃ː	ɔ̃ː	210:1	charcoal
52	1	Ø	a	i	a	ɛ	ɛ	a	Ø	113:2	beans
53	1	Ø	ə	Ø	ə	y	-	ə	ə	1169:1	tomorrow
54	1	Ø	u	Ø	u	u	u	ũ	u	853:1	rainbow
55	1	Ø	ɛ	Ø	i	a	a	Ø	Ø	374:1	elephant
56	1	Ø	ɛ̃ĩ	Ø	ɛ̃ĩ	ĩˀ	ĩˀ	ɛ̃ˀː	ɛ̃ː	574:1	iron
57	1	Ø	y	Ø	y	i	i	i	i	78:1	angry (vi)
58	1	Ø	e	Ø	ɛ	e	e	e	e	612:1	left (side)
59	1	Ø	ɔ̃	Ø	ɔː	Ø	ə	Ø	Ø	44:1	Sherdukpen
60	1	Ø	ɛ̃ĩ	i	ɛ̃ː	ĩː	ĩː	ɛ̃ː	ɛ̃ː	640:2	liver
61	1	Ø	y	i	y	ə	a	Ø	Ø	225:1	chin
62	1	Ø	ɛ̃ː	ɔ	aː	ɛ̃ˀ	ɛˀ	aˀ	aː	437:1	food
63	1	Ø	-	Ø	ə	-	-	ə	ə	689:1	millet, finger
64	1	Ø	Ø	Ø	u	ũː	ũ	Ø	Ø	528:1	hornbill
65	1	Ø	ɛ̃ĩː	i	Ø	ĩː	ĩː	ɛ̃ː	ɛ	868:1	rib
66	1	Ø	aː	Ø	Ø	ɛː	ɛː	Ø	Ø	422:1	float
67	1	Ø	ø	Ø	Ø	ĩ	yː	eː	eː	1038:2	spider
68	1	Ø	a	ɛ	ə	a	ə	a	a	211:1	charcoal
69	1	Ø	y	Ø	ə	y	y	ə	u	768:1	otter
70	1	Ø	Ø	Ø	ə	-	i	-	Ø	460:1	frying pan
71	1	Ø	-	u	ə	Ø	Ø	ə	a	21:1	Khoitam people
1	1	y	yː	u	yː	yː	yː	yː	iː	1005:1	son-in-law
1	1	uˀ	ɔ	u	Ø	ɔː	oː	a	a	478:1	goitre
1	28	u	yː	u	yː	yː	yː	yː	iː	22:1, 117:1, 129:1, 164:1, 204:1, 205:1, 262:1, 268:1, 272:1, 284:1, 318:1, 381:1, 408:1, 429:1, 453:1, 482:1, 493:1, 570:1, 583:1, 683:1, 721:1, 827:1, 953:1, 994:1, 1087:1, 1095:1, 1097:1, 1262:0	brain / carry / cat / copula, negative / cough (vi) / creeper, vine / daughter / deep / descend / eye / frog / grind, pound / honey / insect / kick (v) / leech, water / meet / melt / mushroom / naga, serpent deity / pulse / shoulder / sister, elder / sky / snow / sour / stump (tree) / sun, day / swallow / thunder (vi) / wipe / woman
2	24	u	y	u	y	y	y	y	u	61:1, 151:1, 172:1, 283:1, 313:1, 341:0, 349:1, 383:1, 428:1, 819:1, 823:1, 895:1, 898:1, 944:1, 965:1, 967:1, 1066:1, 1067:1, 1077:1, 1155:1, 1203:1, 1205:1, 1215:1, 1256:1	after / breath / deer, sambar / dry (adj.) / ear / face / flow / in / poison / pour / rub / sago / sit / six / star / stone / thunder (vi) / tooth / trunk (tree) / up; ascend / village / waist / walking stick / window
3	9	u	ə	u	ə	ə	ə	ə	ə	16:1, 223:1, 234:1, 316:1, 411:1, 503:1, 547:1, 1208:1, 1263:1	Indo-Aryan person / civet or spotted wild cat / deity, ghost / flour / hair (head) / hornet / how many / waist / woman
4	7	u	u	u	u	u	u	u	u	250:1, 256:0, 523:0, 833:2, 1043:1, 1225:1, 1277:1	cockroach / come / hide / pumpkin / spirit, soul, shadow / wealthy / year, this
5	6	u	i	u	i	i	i	i	i	149:1, 189:1, 410:1, 500:1, 553:1, 1017:1	blow / buckwheat, sweet / finger / hair (body): feather / hand, arm / human being / nail / sow, broadcast
6	6	u	ø	u	ø	ɔ	ø	ɔ	ɔ	236:1, 468:1, 524:1, 702:1, 1107:1, 1253:1	civet, palm / garden / hold / mortar (wood) / takin / wind
7	5	u	ɔː	u	ɔː	ɔː	oː	a	a	639:1, 913:1, 1068:1, 1127:2, 1240:1	live, stay / search / steal / thief / where
8	3	u	yː	u	yː	yː	yː	yː	yː	182:1, 308:1, 747:1	nine / push / smoke
9	3	u	a	u	a	a	a	a	a	56:0, 416:1, 1196:1	above, top / all / bad / beautiful / bitter (vi) / black / brain / branch / clean / daughter-in-law / deep / dirty / empty / far / fast / female / few, little / fire prefix / forest / full / gall, bile / grandfather / hair (body): feather / hard / heavy / husband / in / intestines / leaf / light / liver / long / male / marrow / meat, animal / much / name / pus / rest (n) / right / ripe / round, small object / same, equal / seed / sharp / short / slowly / small / smoke / soft / smooth / son / straight / sweet / tail / thin / vagina / warm, hot (adj.) / wet / white / wife
10	3	u	ɔː	a	Ø	ə	ə	ə	y	348:1, 698:1, 712:1	eagle, buzzard / morning / mouth
11	2	u	o	u	ɔː	-	oː	yː	Ø	31:1, 353:1	Namshu people / earthworm
12	2	u	øː	a	øː	ĩː	yː	øː	ɛ̃ː	476:1, 1040:1	goat / spider
13	2	u	-	u	ə	i	a	ə	ə	97:1, 188:1	back (wards) / buckwheat, sweet
14	2	u	uː	u	uː	ũ	ũ	ũ	ɔ	229:1, 1008:1	chin / song
15	2	u	Ø	u	ĩː	yː	yː	ɛː	Ø	766:1, 899:1	other / saliva
16	2	u	a	u	a	y	u	ə	ə	779:1, 788:1	pangolin / path, road
17	2	u	-	u	a	-	-	ə	ə	350:1, 477:1	ear / goitre
18	2	u	yː	u	yː	yː	yː	yː	i	634:1, 1177:1	lightning / trivet
19	2	u	ɔ	u	yː	u	u	u	Ø	521:1, 587:1	here / kiss (n)
20	1	u	iː	u	iː	iː	iː	yː	iː	1091:1	sugarcane
21	1	u	Ø	Ø	yː	yː	Ø	øː	Ø	534:1	hornet
22	1	u	ɐ̃ː	u	ɐ̃ː	ɔ̃ː	ɔ̃ː	ɔ̃ː	ɔ̃ː	876:1	right
23	1	u	ɔ̃ː	u	ũː	ũː	ũː	ũː	ɔ̃ː	1159:1	tiger
24	1	u	a	ɔ	a	a	a	a	a	68:0	alive, healthy / egg
25	1	u	ɔː	u	ɔ̃ː	ɔ̃ː	ɔː	a	a	930:1	sharp
26	1	u	ə	u	u	ə	ə	ə	ə	136:1	belt / fruit / sister, younger
27	1	u	a	ɔ	a	a	Ø	u	u	1044:0	spirit, soul, shadow
28	1	u	Ø	u	Ø	ɔ	-	ɔ	ɔ	516:1	hearth, fireplace
29	1	u	ɔː	u	ɔː	ɔː	ɔː	a	Ø	1283:1	yesterday
30	1	u	ə	u	yː	ə	ə	yː	iː	306:1	deep
31	1	u	i	u	y	i	i	i	i	158:1	bone
32	1	u	ɔ	u	ɔ	u	ə	ɔ	ɛ	606:1	leaf litter
33	1	u	a	u	a	a	a	a	i	380:1	eye
34	1	u	ə	u	a	ə	ə	ə	u	848:1	radish
35	1	u	Ø	u	Ø	y	y	i	Ø	346:1	eagle, buzzard
36	1	u	øː	u	øː	ĩː	yː	øː	øː	595:1	ladder
37	1	u	ɐ	u	ɐ	a	a	a	a	87:1	ash
38	1	u	a	u	a	i	a	a	a	232:1	civet or spotted wild cat
39	1	u	Ø	ɔ	Ø	u	u	uː	Ø	955:1	sister, younger
40	1	u	øˀ	u	øˀ	ɔ	øˀ	ɔ	ɔ	710:1	mouse, rat
41	1	u	y	ɔ	y	y	y	y	u	235:1	heart / lungs
42	1	u	Ø	u	yː	ɔː	yː	yː	yː	894:2	round, small object
43	1	u	ø	u	ɔ	ɔ	ɔ	ɔ	ɔ	589:1	knee / pillow
44	1	u	i	i	i	i	i	i	i	723:1	nail
45	1	u	yː	Ø	yː	yː	yː	yː	u	221:1	child
46	1	u	ə	u	a	i	a	ə	ə	594:1	ladder
47	1	u	ø	u	ø	ɔ	ø	ɔ	u	404:1	fern, fiddlehead
48	1	u	Ø	u	Ø	Ø	eː	eː	Ø	128:1	behind
49	1	u	ø	u	ø	Ø	ø	ø	e	122:1	bee
50	1	u	ɛː	u	aː	ɛː	ɛː	aː	aː	1049:1	spit / spittle, spit
51	1	u	Ø	ɔ	ɛː	ɔː	oː	a	a	711:1	mouth
52	1	u	ə	u	ə	ə	ə	ə	i	554:1	human being
1	3	o	a	ɔ	a	ɛ	ɛ	a	a	794:2, 1037:1, 1057:1	peas / spider / squirrel
2	2	o	ɔ	o	ɔ	ɔ	a	a	a	112:1, 449:1	beans / peas / sparrow
3	1	o	u	a	ə	u	a	ə	ə	108:1	bastard
1	2	iˀ	i	i	i	i	i	i	i	289:1, 291:1	day after two days / day before two days
1	32	i	i	i	i	i	i	i	i	15:1, 79:1, 83:1, 88:1, 99:1, 163:1, 201:1, 296:1, 301:1, 345:1, 368:0, 376:1, 427:1, 442:1, 464:2, 465:1, 472:1, 488:1, 609:2, 765:1, 807:1, 809:1, 922:1, 926:1, 950:1, 973:1, 1024:1, 1084:1, 1138:1, 1140:1, 1189:1, 1218:1	Indo-Aryan person / Puroik / angry (vi) / arrow / ask / bow / cane / day before two days / dual / elbow / full / gall, bile / garlic / human being prefix / leech, water / other / palm, sole / peas / pinch / pine kindle / quiver / reflexive marker / seven / shake / silver / sister, younger / sleep / sparrow / spit / spittle, spit / stump (tree) / swell / thing / think / this / trunk (tree) / two / warm, hot (adj.) / warm, hot (vi) / wet / wood / word
2	14	i	iː	i	iː	iː	iː	iː	iː	161:1, 195:1, 311:1, 319:0, 326:1, 473:1, 480:1, 519:1, 525:1, 739:2, 791:1, 916:1, 1195:1, 1249:1	borrow / burn, roast (vt) / deer, barking / die / give / heavy / honey / needle / patient marker / pull / quarrel (v) / seed / soda ash / urine / who
3	8	i	ɛː	i	aː	ɛː	ɛː	aː	aː	218:1, 230:1, 327:1, 328:1, 377:1, 439:1, 508:1, 919:1	chicken / dog / excrement / few, little / frying pan / lightning / serow / sparrow
4	5	i	eː	i	ɛː	eː	eː	eː	eː	96:1, 118:1, 241:1, 871:1, 1029:2	back (wards) / beautiful / clitoris / rice, unhusked, paddy / speak
5	4	i	ĩː	i	ĩː	ĩː	ĩː	ĩː	ĩː	886:1, 984:1, 1065:1, 1098:1	root / smell (n) / stand (up) / sweet
6	3	i	ĩː	i	ĩː	i	i	i	i	17:1, 131:1, 495:1	Jerigaon people / belly, abdomen / gum
7	3	i	ə	i	ə	ə	ə	ə	ə	132:1, 366:1, 687:1	belly, abdomen / elbow / lungs / millet, broomcorn / millet, foxtail
8	3	i	yː	i	yː	yː	yː	yː	iː	246:1, 551:1, 896:1	cloud, mist, fog / rub; sharpen / sun, day
9	3	i	-	i	ɔ	ə	ə	ə	i	448:1, 872:1, 1023:1	friend / rice, unhusked, paddy / sand / sparrow / thunder (vi)
10	2	i	Ø	i	ə	iː	iː	ə	ɔ	29:1, 436:1	Monpa / fodder
11	2	i	ɔ̃ː	u	ɔ̃ː	ɔː	ɔ	y	i	197:2, 753:1	butterfly / noon
12	2	i	ɛˀ	i	aː	i	ɛː	ã	a	126:1, 545:1	beer strainer / how many
13	2	i	ɛ	i	ai	ɛ	ɛ	ɛ	ɛ	646:1, 726:1	long / name
14	2	i	ə	i	y	ə	-	ɛ̃ː	ə	874:0, 1175:1	ride, mount / tooth
15	2	i	ĩˀ	i	ɛ̃ˀ	ĩˀ	ĩˀ	ɛ̃ˀ	Ø	857:0, 1270:1	recognise / wring, squeeze
16	2	i	eˀ	i	eˀ	eˀ	eˀ	eˀ	eː	146:1, 209:1	cave / cry
17	2	i	ə	i	yː	ə	ə	a	ə	386:1, 867:1	falcon / rib
18	2	i	Ø	u	y	y	y	i	Ø	1129:1, 1224:1	thief / wealthy
19	1	i	i	i	iː	iː	ə	i	i	300:1	day before yesterday
20	1	i	yː	i	Ø	-	Ø	ĩː	Ø	533:1	hornet
21	1	i	iː	i	-	ə	-	iː	ə	310:2	deer, barking
22	1	i	ɛ	i	ɛ	a	ɛ	a	a	764:1	one
23	1	i	ɐʰ	i	ɐʰ	ɔʰ	ɔʰ	ɔʰ	iː	489:1	grandmother
24	1	i	ɛ̃ː	i	i	ĩː	ĩː	i	Ø	923:1	sew
25	1	i	ɛː	i	aː	ɛː	ɛː	aː	i	730:1	navel
26	1	i	Ø	i	Ø	i	iː	iː	Ø	706:1	mountain peak
27	1	i	ə	e	a	ə	ə	ə	ə	1147:1	thorn
28	1	i	ɛː	i	aː	ɛ	ɛˀ	aː	aː	60:1	aconite
29	1	i	Ø	Ø	u	i	i	Ø	Ø	539:1	horsefly
30	1	i	ĩː	ɔ	ɛ̃ː	ĩː	ĩː	Ø	Ø	661:1	maize
31	1	i	i	i	i	i	i	ə	i	844:1	quiver
32	1	i	Ø	Ø	iˀ	iˀ	eˀ	eˀ	Ø	1188:1	twist
33	1	i	i	i	y	i	i	i	i	338:1	drink
34	1	i	-	i	y	ə	ɛ	ə	ə	748:1	nine
35	1	i	iː	i	iː	iː	iː	iː	i	446:1	four
36	1	i	ɛ	i	ɛ	a	a	a	a	910:0	say
37	1	i	ə	i	ə	Ø	a	ə	ə	123:1	bee
38	1	i	y	i	y	y	y	y	u	171:1	breast, milk
1	2	eˀ	i	e	i	ɛ	ɛ	i	i	4:1, 824:1	2pl.incl / present
2	1	eˀ	ɛˀ	e	ɛˀ	ɛˀ	ɛˀ	a	a	260:1	copula, existential
3	1	eˀ	i	e	i	ɛ	ɛ	iː	Ø	818:1	plural
1	2	e	ɛː	a	ɔː	ɛː	ɛː	aː	aː	897:1, 1119:2	run / that side
2	2	e	a	a	ə	a	a	ə	i	333:2, 335:1	down (visible) / dragon, thunder, lightning / lightning / shake
3	2	e	ɛ	e	ø	Ø	eˀ	eˀ	Ø	66:1, 1052:1	afternoon / split
4	1	e	Ø	Ø	a	uː	a	ũ	Ø	670:1	manure
5	1	e	uː	e	uː	uː	Ø	uː	uː	332:1	down
6	1	e	a	e	Ø	a	a	ə	ə	936:1	shoe, footwear / thigh
7	1	e	a	i	a	ɛ	a	a	a	325:1	do
1	6	aˀ	u	a	u	u	u	u	u	86:2, 144:1, 179:1, 398:1, 451:1, 1002:1	ash / brother (elder) / frog / horse / millet, foxtail / same, equal / son
2	1	aˀ	ɔ	a	ɔ	ɔ	oː	ɔ	u	605:1	leaf litter
1	69	a	a	a	a	a	a	a	a	6:1, 23:1, 35:1, 39:1, 51:1, 69:1, 81:1, 85:1, 95:1, 124:0, 127:1, 155:2, 165:1, 167:1, 184:1, 194:1, 198:1, 206:1, 212:1, 238:1, 280:1, 285:1, 365:1, 405:1, 407:1, 412:1, 417:1, 419:1, 423:1, 430:1, 441:1, 457:1, 458:1, 462:1, 463:1, 466:1, 502:1, 514:1, 541:1, 544:1, 561:1, 576:1, 624:1, 633:1, 677:1, 688:1, 750:1, 752:1, 775:1, 777:1, 830:1, 843:1, 881:1, 891:1, 900:1, 924:1, 943:1, 986:1, 1025:1, 1041:1, 1079:1, 1150:1, 1160:1, 1167:1, 1191:2, 1200:1, 1241:1, 1248:1, 1278:1	2sg / Khoitam people / Puroik / Thembang people / alive, healthy / ant / ascend / back (n) / bee / beer strainer / boil (n) / branch / brother (elder) / brother-in-law / butterfly / cat / child / clean / cure (vi) / daughter-in-law / dog / eight / father / fern, fiddlehead / finger / flame / flow / forest / frost / fruit / full / grandmother / hair (head) / heart / horsefly / house / how many / hunter / leech, land / left (side) / lift completely, carry / light / lightning / marten / moon, month / mother / much / nominaliser / noon / palm, sole / pumpkin / question / ripe / roof / round, small object / saliva / settle / shade / shelf / shoulder / sister, elder / sister-in-law / smell1 (vi) / son-in-law / sparrow / spicy, pungent / spider / story / stump (tree) / thread / tiger / tomorrow / up there / veranda / wait / when / where / white / wing / year, next / year, this
2	30	a	uː	a	uː	uː	uː	uː	uː	1:1, 13:1, 37:1, 45:1, 52:1, 72:1, 140:1, 176:1, 208:1, 282:1, 400:1, 456:2, 475:1, 486:1, 505:1, 507:1, 552:1, 581:1, 659:1, 665:1, 668:1, 671:1, 705:1, 707:1, 849:1, 963:1, 1131:2, 1163:1, 1235:1, 1252:1	1sg / Indo-Aryan person / bird / cattle, cow / dance / falcon / fall / female / five / frost / grandfather / hard / keep, remain / machete / male / man / manure / moon, month / morning / mountain / mountain peak / radish / rice, husked / shake / sister-in-law / taro / thigh / today / tuber / under, below / walnut / wheat / wife
3	20	a	ɐ	a	ɐ	a	a	a	a	116:1, 134:1, 143:1, 166:1, 240:1, 271:1, 391:1, 444:2, 504:1, 615:1, 637:1, 769:1, 802:1, 828:1, 1075:1, 1108:1, 1158:1, 1209:1, 1228:1, 1266:1	beat, hit / belt / bitter (vi) / cliff, ravine / creeper, vine / forget / halt, stop / lick / liquor / millet, broomcorn / otter / penis / pig / pulse / rope / stich / taro / tie (vt) / waist / wait / weave / wool
4	11	a	ɐ̃ː	a	ɐ̃ː	ɔ̃ː	ɔ̃ː	ɔ̃ː	ɔ̃ː	59:1, 100:1, 196:1, 339:0, 354:1, 390:1, 490:1, 751:1, 1028:1, 1116:1, 1246:1	achieve, obtain / bad / butter / dry (adj.) / dry, dry up (v.i.) / earthworm / far / green / noon / speak / ten / white
5	10	a	ə	a	a	ə	ə	ə	ə	14:1, 344:1, 387:0, 501:1, 745:1, 825:1, 945:1, 1096:1, 1106:1, 1217:1	Indo-Aryan person / child / left (side) / night / prohibitive prefix / shoulder / sun, day / takin / walnut
6	8	a	u	a	u	u	u	u	u	57:1, 101:1, 120:1, 357:1, 638:1, 787:1, 948:1, 1272:1	beautiful / eat / finger / fish / light / listen, heed / path, road / short / sick (vi) / slowly / soft / smooth / thin / year, next
7	8	a	ɔ̃ː	a	ũː	ũː	ũː	ũː	ɔ̃ː	105:1, 145:1, 314:1, 558:1, 771:1, 856:1, 889:1, 937:1	black / defeat (vi) / friend / hungry (vi) / outside / reap / rot (vi) / shoe, footwear / smell1 (vi)
8	6	a	ɔ̃ː	a	ɔ̃ː	ũː	ũː	ũː	ɔ̃ː	24:1, 58:1, 174:1, 776:1, 1081:1, 1238:1	Miji people / above, top / bridge, hanging / palm, sole / straight / when
9	4	a	ɐˀ	a	ɐˀ	ɔˀ	ɔˀ	ɔˀ	ɔ	244:1, 329:1, 585:0, 1115:1	clothing / kill / tell / walk, move, go
10	4	a	ɔː	a	ɔː	ɔː	oː	oː	a	111:1, 315:1, 397:1, 1071:1	bat / deity, ghost / father / steam
11	4	a	ɐ̃	a	ɐ̃	ɔ̃	ɔ̃	ɔ̃	ɔ̃	255:1, 974:1, 1198:1, 1226:1	comb / slowly / vegetable, leafy / wear
12	4	a	ɛ	a	i	a	ɛ	ɔː	ɔː	74:1, 389:1, 435:2, 540:1	allative / horsefly / pumpkin / sparrow
13	4	a	-	a	-	-	-	-	-	115:1, 153:1, 484:1, 709:1	bear / boar, wild / gourd / liver / mouse, rat
14	3	a	ɛˀ	a	a	a	a	a	a	178:1, 603:1, 1132:1	brother (elder) / leaf / thin
15	3	a	ə	Ø	-	u	ə	-	ə	186:2, 237:1, 855:1	buckwheat, bitter / civet, palm / rainbow
16	2	a	ɔ	a	ɔ	u	ɔ	ɔ	ɔ	273:1, 342:1	crow / dry (adj.)
17	2	a	a	a	aː	ɔ	ɔ	ɔ	a	801:1, 1148:1	pheasant, tragopan / thousand
18	2	a	ɛ	a	a	a	a	a	a	690:1, 990:1	millet, finger / snake
19	2	a	ɐ	a	ɐ	ɔ	ɔ	ɔ	o	562:1, 1001:1	hunter / soil, earth
20	2	a	ɛ	a	ɛ	a	a	a	a	200:1, 1269:2	call for / work
21	2	a	-	a	a	-	-	ə	ə	1164:1, 1233:1	today / wet
22	2	a	a	a	a	u	a	aˀ	Ø	1013:1, 1078:1	sour / story
23	2	a	ɛˀ	a	a	uː	oː	uː	uː	406:1, 812:2	fetch / plait
24	2	a	ɔ	a	a	ɔ	ø	ɔ	ɔ	413:2, 471:1	finger / garlic
25	2	a	ɐː	a	ɐː	ɔː	ɔː	ɔ	Ø	454:0, 814:1	okay / plant  (vt)
26	2	a	aˀ	a	aˀ	a	a	u	uː	28:1, 217:1	Monpa / boil (n) / chew / knee / left (side)
27	2	a	ə	a	a	ə	a	ə	Ø	62:1, 222:1	after / behind / trunk (tree)
28	2	a	u	a	u	u	ə	ə	ə	821:1, 1237:1	porcupine / wheat
29	2	a	ɛ	Ø	a	ɛ	ɛ	ɛ	ɛ	281:1, 796:1	cut / pheasant, kalij
30	2	a	ə	a	ə	ə	ə	ə	ə	494:1, 597:1	gum / langur / serow
31	2	a	a	ɔ	aː	a	a	a	a	852:1, 956:0	rainbow / sister, younger
32	2	a	ɛ	a	a	ɛ	ɛ	a	a	193:1, 1280:0	burn (vi) / yellow
33	2	a	a	a	a	a	a	aː	aː	3:1, 5:1	2pl.excl / 2pl.incl
34	2	a	ɔ̃ː	a	ɔ̃ː	ũː	ɔ	ɔ	ɔ	224:1, 532:1	chili / hornbill
35	2	a	ə	a	y	ə	ɔː	oː	oː	312:1, 760:0	deer, sambar / goat / see
36	2	a	ə	a	a	ə	-	ə	Ø	33:1, 1137:1	Namshu people / rain (n) / thing / tomorrow / year, next
37	2	a	i	i	i	iː	i	i	i	18:1, 431:1	Jerigaon people / Khoitam people / Rahung, people of / Sherdukpen / Thembang people / fly (n)
38	1	a	uː	a	-	-	-	uː	uː	694:1	mithun
39	1	a	ə	a	a	ə	-	a	a	363:1	eggplant
40	1	a	ə	a	a	ə	ə	ə	i	972:1	sky
41	1	a	u	Ø	uː	uː	uː	uː	uː	288:1	day after tomorrow
42	1	a	uː	a	ɐːʰ	Ø	ə	ɔː	ɔː	121:1	bee
43	1	a	a	a	a	ɔ	ɔ	ɔ	ɔ	567:1	imperative
44	1	a	u	a	ɔ	u	u	u	ɔ	596:1	language
45	1	a	ɔ̃ː	a	yː	ũː	ũː	ũː	ɔ̃ː	719:1	mud
46	1	a	Ø	a	ə	ə	-	-	-	159:1	bone / brain
47	1	a	uː	a	-	-	uː	uː	uː	185:1	buckwheat, bitter
48	1	a	-	i	-	Ø	-	-	-	932:1	sheep
49	1	a	ɛˀ	a	a	ɛˀ	ɛˀ	a	Ø	841:1	quarrel (v)
50	1	a	uː	a	uː	uː	uː	ɔ	o	704:1	mother
51	1	a	ɛ	ɛ	ɛ	a	ɛ	a	a	682:1	medicine
52	1	a	Ø	Ø	ɔ̃ː	ũː	a	Ø	Ø	1070:1	steam
53	1	a	ɐ	Ø	ɐ	a	a	ɐ	a	266:1	cotton
54	1	a	ɐ̃ʰ	a	ɐ̃ʰ	ɔ̃ʰ	ɔ̃ʰ	ɔ	ɔ	835:1	pus
55	1	a	u	a	ũː	u	ũː	ũː	u	902:1	salt
56	1	a	a	a	a	a	ə	ɔ	a	1197:1	vegetable, leafy
57	1	a	ə	a	a	y	-	ə	ə	1254:1	wind
58	1	a	uː	Ø	uː	uː	uː	oː	Ø	459:1	rain (n)
59	1	a	ə	a	a	u	u	ə	ə	693:1	mithun
60	1	a	uː	a	yː	uː	uː	uː	uː	678:1	meat, animal
61	1	a	a	a	Ø	ũ	ɔ	u	u	1039:1	spider
62	1	a	ɔ̃ː	a	ɔ̃ː	ũ	ũ	ũ	ɔ̃ː	1141:1	thirsty (vi)
63	1	a	a	a	a	a	a	ɛ	Ø	253:1	cold (vi)
64	1	a	ɛ	a	ai	ɛ	ɛ	ɛ	ɛ	269:2	count
65	1	a	Ø	a	uː	Ø	Ø	-	-	207:1	cattle, cow
66	1	a	Ø	Ø	a	Ø	-	-	Ø	997:1	soda ash
67	1	a	-	a	-	ə	-	-	-	969:1	skin, bark
68	1	a	uˀ	a	u	uˀ	uˀ	uˀ	uˀ	92:2	axe
69	1	a	-	a	u	u	u	u	u	803:1	pig
70	1	a	i	a	i	Ø	i	Ø	u	32:1	Namshu people / leech, land
71	1	a	ɔː	a	ɔː	oː	oː	oː	oː	575:0	itch
72	1	a	ə	a	ə	ə	eː	ə	ə	191:1	buffalo / goral
73	1	a	ɐːʰ	a	ɐːʰ	ɔːʰ	ɔːʰ	ɔːʰ	ɔː	107:2	bastard
74	1	a	ə	a	a	ə	ə	y	i	993:1	snow
75	1	a	-	a	a	-	-	ə	-	718:1	mud
76	1	a	ɔ̃ː	a	ɔ̃ː	a	ɔ	aː	a	109:2	bat
77	1	a	ə	a	ə	ə	ə	ə	i	135:1	daughter
78	1	a	ɐ	a	ɐ	ũ	ũ	a	a	1229:1	weed, grass
79	1	a	Ø	a	ɔ̃ː	ũː	ũː	ɔ	Ø	882:1	roof
80	1	a	ə	a	ə	ə	ə	ɔ	ɔ	740:1	negative prefix
81	1	a	y	a	y	-	-	y	-	1022:1	soybean
82	1	a	-	Ø	y	-	-	-	-	656:1	macaque
1	3	-	ə	ɔː	a	ə	-	ə	ə	46:1, 104:1, 1276:1	banana / eye / maize / waist / year, next
2	2	-	u	u	u	yː	yː	u	u	2:1, 94:1	2pl.excl / back (n)
3	1	-	-	Ø	-	-	-	u	-	392:1	fast
4	1	-	-	Ø	a	-	-	ə	-	186:1	buckwheat, bitter
5	1	-	-	-	-	-	-	ə	-	445:1	four
