NUMBER	COGNATESET	LANGUAGE	CONCEPT	MORPHEME	WORD
1	2	Khoina	2pl.excl	_excl1	Ø u
2	2	Shergaon	2pl.excl	_excl1	Ø u
3	2	Jerigaon	2pl.excl	_excl1	Ø u
4	2	Khoitam	2pl.excl	_excl1	Ø yː
5	2	Rupa	2pl.excl	_excl1	- u
6	3	Khoina	2pl.incl	_excl1	-
7	3	Rupa	2pl.incl	_excl1	-
8	3	Shergaon	2pl.incl	_excl1	-
9	3	Jerigaon	2pl.incl	_excl1	-
10	3	Rahung	2pl.incl	_excl1	-
11	3	Khoitam	2pl.incl	_excl1	-
12	7	Rahung	3sg	3sg	w ə -
13	11	Jerigaon	Bugun	bugun	s Ø
14	11	Khispi	Bugun	bugun	ɕ Ø
15	11	Khoitam	Bugun	bugun	s Ø
16	11	Duhumbi	Bugun	bugun	ɕ Ø
17	12	Jerigaon	Bugun	bugun	l u ŋ
18	12	Khispi	Bugun	bugun	l ɔ ŋ
19	12	Khoitam	Bugun	bugun	l u ŋ
20	12	Duhumbi	Bugun	bugun	l ɔ ŋ
21	13	Jerigaon	Indo-Aryan person	indoaryanperson	tɕʰ uː
22	14	Khoina	Indo-Aryan person	indoaryanperson	ʈʂʰ a
23	14	Rupa	Indo-Aryan person	indoaryanperson	kʰ ə
24	14	Duhumbi	Indo-Aryan person	indoaryanperson	kʰ a
25	14	Shergaon	Indo-Aryan person	indoaryanperson	kʰ ə
26	14	Jerigaon	Indo-Aryan person	indoaryanperson	tɕʰ ə
27	14	Khispi	Indo-Aryan person	indoaryanperson	kʰ a
28	16	Jerigaon	Indo-Aryan person	indoaryanperson	d ə
29	16	Khispi	Indo-Aryan person	indoaryanperson	Ø u
30	16	Khoitam	Indo-Aryan person	indoaryanperson	Ø ə
31	16	Duhumbi	Indo-Aryan person	indoaryanperson	Ø u
32	16	Rahung	Indo-Aryan person	indoaryanperson	l ə
33	17	Shergaon	Jerigaon people	jerigaonpeople	Ø i
34	17	Khispi	Jerigaon people	jerigaonpeople	ɕ i
35	17	Khoitam	Jerigaon people	jerigaonpeople	tɕʰ i
36	17	Duhumbi	Jerigaon people	jerigaonpeople	ɕ i
37	17	Rahung	Jerigaon people	jerigaonpeople	tɕʰ i
38	18	Khoitam	Thembang people	ji-suffix1	Ø iː
39	19	Khoitam	Jerigaon people	jerigaonpeople	d i
40	19	Duhumbi	Jerigaon people	jerigaonpeople	d ɔ
41	19	Shergaon	Jerigaon people	jerigaonpeople	d i
42	19	Jerigaon	Jerigaon people	jerigaonpeople	d ɛ
43	19	Khispi	Jerigaon people	jerigaonpeople	d ɔ
44	19	Rahung	Jerigaon people	jerigaonpeople	d i
45	21	Khoitam	Khoitam people	khoitampeople	Ø Ø -
46	21	Duhumbi	Khoitam people	khoitampeople	Ø Ø s
47	21	Rahung	Khoitam people	khoitampeople	Ø Ø -
48	22	Jerigaon	mushroom	?	m yː
49	22	Duhumbi	mushroom	?	m u
50	23	Khoitam	Khoitam people	khoitampeople	t a m
51	23	Duhumbi	Khoitam people	khoitampeople	t a m
52	23	Rahung	Khoitam people	khoitampeople	t a m
53	24	Khispi	Miji people	mijipeople	n a
54	24	Khoitam	Miji people	mijipeople	n ũː
55	24	Duhumbi	Miji people	mijipeople	n a
56	25	Khispi	Miji people	?	kʰ ɔ
57	25	Khoitam	Miji people	?	kʰ u
58	25	Duhumbi	Miji people	?	kʰ ɔ
59	27	Shergaon	boil (n)	boiln	kʰ Ø ŋ
60	27	Jerigaon	boil (n)	boiln	kʰ a -
61	27	Khispi	boil (n)	boiln	kʰ Ø ŋ
62	27	Duhumbi	boil (n)	boiln	kʰ Ø ŋ
63	28	Khoina	boil (n)	pa-suffix1	p a
64	28	Jerigaon	boil (n)	pa-suffix1	p a
65	28	Khoitam	boil (n)	pa-suffix1	p a
66	28	Rupa	boil (n)	pa-suffix1	p ɛ
67	29	Jerigaon	Monpa	monpa	dʑ Ø
68	29	Khispi	Monpa	monpa	dʑ i
69	29	Khoitam	Monpa	monpa	dʑ iː
70	29	Duhumbi	Monpa	monpa	dʑ i
71	29	Rahung	Monpa	monpa	dʑ iː
72	30	Jerigaon	Monpa	monpa	m Ø -
73	30	Khoitam	Monpa	monpa	m Ø n
74	31	Shergaon	Namshu people	namshupeople	Ø Ø
75	31	Khoitam	Namshu people	namshupeople	Ø -
76	31	Rupa	Namshu people	namshupeople	Ø yː
77	32	Khoitam	leech, land	pa-suffix2	Ø Ø
78	32	Rupa	leech, land	pa-suffix2	Ø Ø
79	33	Shergaon	Namshu people	sky-prefix1	Ø Ø -
80	35	Shergaon	Puroik	puroik	t a ŋ
81	35	Jerigaon	Puroik	puroik	t a ŋ
82	35	Khoitam	Puroik	puroik	t a ŋ
83	35	Rahung	Puroik	puroik	t a ŋ
84	38	Shergaon	Puroik	puroik	Ø
85	38	Jerigaon	Puroik	puroik	Ø
86	38	Khoitam	Puroik	puroik	Ø
87	38	Rahung	Puroik	puroik	Ø
88	39	Khoina	saliva	?	kʰ a
89	39	Rupa	saliva	?	kʰ a
90	39	Shergaon	saliva	?	kʰ a
91	39	Jerigaon	saliva	?	kʰ a
92	39	Rahung	saliva	?	kʰ a
93	39	Khoitam	saliva	?	kʰ a
94	40	Khoitam	Rahung, people of	rahungpeopleof	pʰ Ø ŋ
95	40	Duhumbi	Rahung, people of	rahungpeopleof	pʰ Ø ŋ
96	40	Rahung	Rahung, people of	rahungpeopleof	pʰ Ø ŋ
97	41	Khoitam	Rahung, people of	rahungpeopleof	r ə
98	41	Duhumbi	Rahung, people of	rahungpeopleof	l u
99	41	Rahung	Rahung, people of	rahungpeopleof	r ə
100	43	Jerigaon	Sherdukpen	sherdukpen	m Ø
101	43	Khispi	Sherdukpen	sherdukpen	m Ø
102	43	Khoitam	Sherdukpen	sherdukpen	m Ø
103	43	Duhumbi	Sherdukpen	sherdukpen	m Ø
104	44	Shergaon	Sherdukpen	sherdukpen	tʰ y ŋ
105	44	Khispi	Sherdukpen	sherdukpen	tʰ Ø -
106	44	Khoitam	Sherdukpen	sherdukpen	tʰ ə ŋ
107	44	Duhumbi	Sherdukpen	sherdukpen	tʰ Ø -
108	44	Rupa	Sherdukpen	sherdukpen	tʰ ə -
109	45	Khoina	shake	?	kʰ uː
110	45	Shergaon	shake	?	kʰ uː
111	45	Jerigaon	shake	?	kʰ uː
112	46	Khoina	eye	eye	m a
113	46	Rupa	eye	eye	m ə
114	46	Shergaon	eye	eye	m ə
115	46	Jerigaon	eye	eye	m ə
116	46	Rahung	eye	eye	m -
117	46	Khoitam	eye	eye	m ə
118	47	Shergaon	Shergaon, people of	shergaonpeopleof	s Ø -
119	47	Khoitam	Shergaon, people of	shergaonpeopleof	s Ø -
120	47	Duhumbi	Shergaon, people of	shergaonpeopleof	ɕ Ø ɹ
121	48	Shergaon	Shergaon, people of	shergaonpeopleof	Ø Ø
122	48	Duhumbi	Shergaon, people of	shergaonpeopleof	Ø Ø
123	49	Khoina	fall	fall	x Ø -
124	49	Khispi	fall	fall	h Ø ŋ
125	49	Duhumbi	fall	fall	h Ø ŋ
126	50	Shergaon	Thembang people	thembangpeople	tʰ Ø a b
127	50	Jerigaon	Thembang people	thembangpeople	tʰ - ɛ Ø
128	50	Khoitam	Thembang people	thembangpeople	tʰ - ə m
129	50	Rupa	Thembang people	thembangpeople	tʰ Ø ə b
130	51	Shergaon	Thembang people	thembangpeople	pʰ a ŋ
131	51	Jerigaon	Thembang people	thembangpeople	b a ŋ
132	51	Khoitam	Thembang people	thembangpeople	b a ŋ
133	51	Rupa	Thembang people	thembangpeople	pʰ a ŋ
134	57	Khoina	finger	finger	m u -
135	57	Khoitam	finger	finger	m u -
136	57	Shergaon	finger	finger	m u -
137	57	Jerigaon	finger	finger	m u -
138	57	Khispi	finger	finger	m a -
139	57	Rupa	finger	finger	m u -
140	58	Shergaon	above, top	abovetop	tɕʰ ɔ̃ː -
141	58	Rupa	above, top	abovetop	tsʰ ũː -
142	58	Rahung	above, top	abovetop	tɕʰ ũː -
143	59	Shergaon	achieve, obtain	achieveobtain	m ɔ̃ː -
144	59	Jerigaon	achieve, obtain	achieveobtain	m ɐ̃ː -
145	62	Shergaon	after	_la-prefix1	Ø Ø
146	62	Jerigaon	after	_la-prefix1	Ø a
147	62	Khoitam	after	_la-prefix1	Ø ə
148	64	Khispi	afternoon	_sky-prefix6	ɲ Ø -
149	64	Duhumbi	afternoon	_sky-prefix6	ɲ Ø -
150	65	Khispi	split	?	g a
151	65	Rupa	split	?	j u
152	65	Duhumbi	split	?	dʑ Ø
153	65	Rahung	split	?	j u
154	66	Rahung	afternoon	_allative	t ɛ n
155	66	Rupa	afternoon	_allative	t ɔː n
156	66	Duhumbi	afternoon	_allative	t a n
157	66	Shergaon	afternoon	_allative	t ɔː n
158	66	Khispi	afternoon	_allative	t a n
159	66	Khoitam	afternoon	_allative	t a n
160	67	Khoina	agent	_ergative	Ø
161	67	Shergaon	agent	_ergative	Ø
162	67	Jerigaon	agent	_ergative	Ø
163	69	Khoina	alive, healthy	alivehealthy	f a ŋ
164	69	Jerigaon	alive, healthy	alivehealthy	h a ŋ
165	71	Jerigaon	all	all	tʰ ɔ n
166	71	Khispi	all	all	tʰ ɔ m
167	71	Duhumbi	all	all	tʰ ɔ m
168	72	Shergaon	walnut	?	kʰ uː
169	74	Khoina	allative	_allative	t ø ŋ
170	76	Khoina	amaranth	_ma-prefix4	m i -
171	76	Rahung	amaranth	_ma-prefix4	m Ø -
172	76	Rupa	amaranth	_ma-prefix4	m ɛ -
173	76	Shergaon	amaranth	_ma-prefix4	m Ø -
174	76	Khispi	amaranth	_ma-prefix4	m ɛ s
175	76	Khoitam	amaranth	_ma-prefix4	m a -
176	77	Khispi	angry (vi)	angryvi	ʑ Ø -
177	77	Duhumbi	angry (vi)	angryvi	ʑ Ø -
178	78	Khispi	angry (vi)	stone1	l Ø Ø
179	78	Duhumbi	angry (vi)	stone1	l Ø Ø
180	79	Shergaon	word	?	Ø i k
181	79	Jerigaon	word	?	tɕʰ i k
182	81	Khispi	year, next	?	Ø a Ø
183	82	Shergaon	arrive	arrive	pʰ a Ø
184	82	Rupa	arrive	arrive	pʰ a tʰ
185	83	Khoina	arrow	arrow	m i k
186	85	Shergaon	ascend	ascend	dʑ a ŋ
187	85	Khispi	ascend	ascend	dʑ a ŋ
188	85	Khoitam	ascend	ascend	dʑ a ŋ
189	85	Rupa	ascend	ascend	dʑ a ŋ
190	88	Shergaon	ask	ask	Ø i k
191	88	Jerigaon	ask	ask	Ø i k
192	89	Jerigaon	associative	_associative	tʰ Ø Ø
193	90	Jerigaon	attic	attic	z ɔː -
194	90	Duhumbi	attic	attic	ʑ a -
195	94	Khispi	back (n)	backn	Ø u m
196	94	Duhumbi	back (n)	backn	Ø - m
197	95	Khispi	back (n)	_sky-prefix6	ɲ a
198	95	Khoitam	back (n)	_sky-prefix6	n a
199	95	Duhumbi	back (n)	_sky-prefix6	ɲ a
200	95	Rahung	back (n)	_sky-prefix6	n a
201	96	Khoina	back (wards)	backwards	kʰ ɛː -
202	96	Shergaon	back (wards)	backwards	kʰ eː -
203	96	Jerigaon	back (wards)	backwards	kʰ eː -
204	96	Duhumbi	back (wards)	backwards	kʰ i s
205	97	Khoina	back (wards)	_la-prefix2	l ə
206	97	Shergaon	back (wards)	_la-prefix2	l ə
207	97	Jerigaon	back (wards)	_la-prefix2	l -
208	97	Khispi	back (wards)	_la-prefix2	l u
209	97	Duhumbi	back (wards)	_la-prefix2	l u
210	99	Rahung	this	?	dʑ i
211	99	Rupa	this	?	dʑ i
212	99	Duhumbi	this	?	dʑ i
213	99	Shergaon	this	?	dʑ i
214	99	Khispi	this	?	dʑ i
215	99	Khoitam	this	?	dʑ i
216	100	Shergaon	bad	bad1	z ɔ̃ː -
217	100	Jerigaon	bad	bad1	z ɐ̃ː -
218	103	Khispi	banana	banana	s ɔ ŋ
219	103	Duhumbi	banana	banana	s ɔ ŋ
220	104	Duhumbi	banana	_ma-prefix2	m -
221	105	Khoina	friend	friend	ɲ ũː
222	105	Shergaon	friend	friend	Ø ɔ̃ː
223	105	Khispi	friend	friend	ɲ a
224	105	Rupa	friend	friend	j ũː
225	105	Duhumbi	friend	friend	ɲ a
226	110	Shergaon	bat	fly1	tɕʰ Ø Ø
227	110	Khispi	bat	fly1	tɕʰ Ø Ø
228	110	Khoitam	bat	fly1	tɕʰ a Ø
229	110	Duhumbi	bat	fly1	tɕʰ Ø Ø
230	111	Khoina	bat	bat1	pʰ a -
231	111	Jerigaon	bat	bat1	pʰ a -
232	111	Rupa	bat	bat1	pʰ a ŋ
233	111	Rahung	bat	bat1	pʰ Ø -
234	113	Shergaon	beans	beans2	b l a -
235	113	Duhumbi	beans	beans2	pʰ Ø Ø n
236	116	Shergaon	beat, hit	beathit	Ø a k
237	116	Khoitam	beat, hit	beathit	Ø a k
238	118	Khoina	beautiful	beautiful	l Ø -
239	118	Shergaon	beautiful	beautiful	l Ø -
240	118	Jerigaon	beautiful	beautiful	l ɛˀ -
241	118	Khoitam	beautiful	beautiful	l i -
242	121	Khoitam	bee	bee	Ø Ø -
243	122	Khoitam	bee	bee	Ø Ø -
244	123	Khoitam	bee	bee	tɕʰ Ø -
245	126	Khoina	beer strainer	beerstrainer	tɕ Ø
246	126	Shergaon	beer strainer	beerstrainer	kʰ Ø
247	126	Rupa	beer strainer	beerstrainer	k eː
248	126	Rahung	beer strainer	beerstrainer	tɕ eː
249	127	Khoina	beer strainer	beerstrainer	Ø a -
250	127	Shergaon	beer strainer	beerstrainer	Ø a -
251	127	Rupa	beer strainer	beerstrainer	kʰ a -
252	127	Rahung	beer strainer	beerstrainer	kʰ a -
253	128	Khoina	behind	behind	kʰ Ø -
254	128	Shergaon	behind	behind	kʰ Ø -
255	128	Jerigaon	behind	behind	kʰ Ø -
256	128	Khoitam	behind	behind	kʰ Ø -
257	129	Khispi	eye	?	b u
258	129	Duhumbi	eye	?	b u
259	139	Shergaon	bind (v)	bindv	r u ŋ
260	139	Jerigaon	bind (v)	bindv	r u ŋ
261	139	Rupa	bind (v)	bindv	r u ŋ
262	139	Khoitam	bind (v)	bindv	r u ŋ
263	139	Rahung	bind (v)	bindv	r u ŋ
264	142	Khoina	bite	bite	z - ai k
265	142	Jerigaon	bite	bite	z - ɛ k
266	144	Shergaon	same, equal	?	t u
267	144	Jerigaon	same, equal	?	t u
268	144	Khispi	same, equal	?	t a
269	144	Rahung	same, equal	?	t u
270	148	Khoina	kick (v)	kickv	r Ø
271	148	Jerigaon	kick (v)	kickv	r Ø
272	148	Khispi	kick (v)	kickv	d Ø
273	148	Duhumbi	kick (v)	kickv	d Ø
274	150	Shergaon	blow (wind)	blowwind	f Ø
275	150	Jerigaon	blow (wind)	blowwind	h Ø
276	150	Khispi	blow (wind)	blowwind	h Ø
277	150	Rupa	blow (wind)	blowwind	f Ø
278	150	Duhumbi	blow (wind)	blowwind	kʰ Ø
279	151	Khispi	in	?	l u ŋ
280	151	Duhumbi	in	?	l u ŋ
281	154	Khoina	boil  (water)	boilwater	tsʰ ɔ -
282	155	Shergaon	boil (n)	boiln	kʰ - a ŋ
283	155	Jerigaon	boil (n)	boiln	kʰ - a ŋ
284	156	Khoina	knee	knee	l a
285	156	Shergaon	knee	knee	l Ø
286	156	Khispi	knee	knee	l a
287	156	Duhumbi	knee	knee	l a
288	157	Shergaon	kick (v)	?	t u ŋ
289	157	Rupa	kick (v)	?	t u ŋ
290	157	Khoitam	kick (v)	?	t u ŋ
291	157	Rahung	kick (v)	?	t u ŋ
292	159	Jerigaon	bone	sa-prefix5	s Ø
293	160	Shergaon	bone	a/ə/i-prefix	Ø
294	160	Khispi	bone	a/ə/i-prefix	Ø
295	160	Duhumbi	bone	a/ə/i-prefix	Ø
296	161	Rahung	borrow	borrow	tɕʰ iː
297	162	Khoina	borrow	borrow	l aː -
298	162	Shergaon	borrow	borrow	l aː -
299	162	Jerigaon	borrow	borrow	l ɛːʰ -
300	162	Rahung	borrow	borrow	l ɛːʰ -
301	165	Khoina	left (side)	?	l a k
302	165	Rupa	left (side)	?	l a k
303	165	Shergaon	left (side)	?	l a k
304	165	Jerigaon	left (side)	?	l a k
305	165	Rahung	left (side)	?	l a k
306	165	Khoitam	left (side)	?	l a k
307	166	Shergaon	lick	?	l a k
308	166	Rupa	lick	?	l a k
309	169	Rahung	knee	knee	k ɹ iː
310	169	Rupa	knee	knee	k ɹ i
311	169	Duhumbi	knee	knee	k ɹ Ø
312	169	Shergaon	knee	knee	k ɹ i
313	169	Khispi	knee	knee	k ɹ Ø
314	169	Khoitam	knee	knee	k ɹ iː
315	170	Shergaon	break	break	Ø a p
316	174	Shergaon	bridge, hanging	bridgehanging	s ɔ̃ː -
317	174	Jerigaon	bridge, hanging	bridgehanging	s ɔ̃ː -
318	174	Khispi	bridge, hanging	bridgehanging	ɕ a m
319	174	Rahung	bridge, hanging	bridgehanging	s ũː -
320	175	Shergaon	bring	bring	Ø Ø -
321	175	Duhumbi	bring	bring	Ø Ø n
322	177	Khoina	brother (elder)	brotherelder	b Ø
323	177	Jerigaon	brother (elder)	brotherelder	b Ø
324	177	Khispi	brother (elder)	brotherelder	b Ø
325	177	Duhumbi	brother (elder)	brotherelder	b Ø
326	178	Rahung	brother (elder)	brotherelder	j a
327	178	Rupa	brother (elder)	brotherelder	j a
328	178	Duhumbi	brother (elder)	brotherelder	j a
329	178	Shergaon	brother (elder)	brotherelder	j a
330	178	Khispi	brother (elder)	brotherelder	j a
331	178	Khoitam	brother (elder)	brotherelder	j a
332	179	Khoina	brother (elder)	brotherelder	d u
333	179	Rupa	brother (elder)	brotherelder	d u
334	179	Shergaon	brother (elder)	brotherelder	d u
335	179	Jerigaon	brother (elder)	brotherelder	d u
336	179	Rahung	brother (elder)	brotherelder	d u
337	179	Khoitam	brother (elder)	brotherelder	d u
338	181	Khoina	brother, younger	brotheryounger	n ɛ -
339	184	Khoina	light	?	- a ŋ
340	184	Rupa	light	?	- a ŋ
341	184	Shergaon	light	?	- a ŋ
342	184	Jerigaon	light	?	- a ŋ
343	184	Rahung	light	?	- a ŋ
344	184	Khoitam	light	?	- a ŋ
345	186	Khispi	buckwheat, bitter	buckwheatbitter	Ø Ø
346	192	Khispi	buffalo	buffalo	Ø Ø
347	192	Duhumbi	buffalo	buffalo	Ø Ø
348	192	Rahung	buffalo	buffalo	Ø Ø
349	194	Khoina	veranda	?	- a ŋ
350	194	Rupa	veranda	?	- a ŋ
351	194	Shergaon	veranda	?	- a ŋ
352	194	Jerigaon	veranda	?	- a ŋ
353	194	Rahung	veranda	?	- a ŋ
354	194	Khoitam	veranda	?	- a ŋ
355	195	Shergaon	burn, roast (vt)	burnroastvt	r iː
356	195	Jerigaon	burn, roast (vt)	burnroastvt	r iː
357	195	Rahung	burn, roast (vt)	burnroastvt	r iː
358	197	Khispi	butterfly	butterfly	p Ø Ø -
359	198	Khispi	butterfly	butterfly	Ø a m
360	198	Duhumbi	butterfly	butterfly	Ø a m
361	205	Khispi	grind, pound	?	ʑ u
362	205	Duhumbi	grind, pound	?	ʑ u
363	207	Jerigaon	cattle, cow	cattlecow	s Ø
364	207	Khoitam	cattle, cow	cattlecow	s Ø
365	207	Rahung	cattle, cow	cattlecow	s Ø
366	208	Khoina	cattle, cow	cattlecow	j uː
367	208	Khispi	cattle, cow	cattlecow	j a
368	208	Duhumbi	cattle, cow	cattlecow	j a
369	210	Duhumbi	charcoal	charcoal	kʰ Ø n
370	211	Duhumbi	charcoal	charcoal	l Ø ŋ
371	212	Khoina	leech, land	leechland	p a t
372	212	Jerigaon	leech, land	leechland	p a t
373	212	Rupa	leech, land	leechland	p a t
374	212	Khoitam	leech, land	leechland	p a t
375	212	Rahung	leech, land	leechland	p a t
376	214	Shergaon	chest	chest	m Ø Ø
377	214	Jerigaon	chest	chest	m Ø Ø
378	214	Khispi	chest	chest	m Ø Ø
379	215	Shergaon	chest	chest	j a w
380	215	Jerigaon	chest	chest	w ɔ -
381	215	Khispi	chest	chest	g o -
382	215	Duhumbi	chest	chest	g o -
383	215	Rahung	chest	chest	- a -
384	216	Khoina	leech, water	leechwater	pʰ
385	216	Shergaon	leech, water	leechwater	pʰ
386	216	Khispi	leech, water	leechwater	pʰ
387	216	Rupa	leech, water	leechwater	pʰ
388	216	Duhumbi	leech, water	leechwater	pʰ
389	217	Shergaon	chew	?	k Ø
390	221	Khispi	child	child	n Ø
391	222	Shergaon	trunk (tree)	?	l Ø
392	222	Khispi	trunk (tree)	?	l Ø
393	222	Rupa	trunk (tree)	?	l Ø
394	222	Duhumbi	trunk (tree)	?	l Ø
395	223	Khispi	flour	?	h u
396	223	Duhumbi	flour	?	Ø u
397	225	Shergaon	chin	chin	n Ø -
398	225	Rupa	chin	chin	n Ø -
399	225	Duhumbi	chin	chin	Ø Ø n
400	228	Shergaon	chin	chin	Ø ɔ
401	228	Khispi	chin	chin	j ɔ
402	228	Rupa	chin	chin	j y
403	228	Duhumbi	chin	chin	j ɔ
404	229	Shergaon	chin	chin	Ø uː -
405	229	Rupa	chin	chin	Ø uː -
406	229	Khoitam	chin	chin	Ø uː -
407	229	Duhumbi	chin	chin	Ø i ɹ
408	229	Rahung	chin	chin	r uː -
409	230	Khoina	lightning	lightning	kʰ aː
410	230	Khoitam	lightning	lightning	Ø ɛː
411	230	Duhumbi	lightning	lightning	Ø i
412	230	Shergaon	lightning	lightning	Ø aː
413	230	Khispi	lightning	lightning	k i
414	230	Rupa	lightning	lightning	Ø aː
415	232	Khispi	civet or spotted wild cat	civetorspottedwildcat	ts a ŋ
416	232	Duhumbi	civet or spotted wild cat	civetorspottedwildcat	ts a ŋ
417	233	Duhumbi	civet or spotted wild cat	small	tʰ Ø
418	234	Khispi	civet or spotted wild cat	civetorspottedwildcat	Ø u
419	234	Duhumbi	civet or spotted wild cat	civetorspottedwildcat	Ø u
420	234	Rahung	civet or spotted wild cat	civetorspottedwildcat	g ə
421	236	Jerigaon	civet, palm	civetpalm	n ø n
422	236	Khispi	civet, palm	civetpalm	ɲ u m
423	236	Rupa	civet, palm	civetpalm	ɲ ɔ m
424	236	Duhumbi	civet, palm	civetpalm	ɲ u m
425	236	Rahung	civet, palm	civetpalm	n ø m
426	237	Jerigaon	civet, palm	civetpalm	s Ø
427	237	Khispi	civet, palm	civetpalm	s ɔ
428	237	Rupa	civet, palm	civetpalm	s uː
429	237	Duhumbi	civet, palm	civetpalm	s u
430	237	Rahung	civet, palm	civetpalm	s u
431	238	Shergaon	clean	clean	s a m
432	238	Jerigaon	clean	clean	s a n
433	238	Khoitam	clean	clean	ts a m
434	239	Shergaon	bad	bad2	ɲ u
435	239	Khispi	bad	bad2	ɲ ɔ
436	239	Duhumbi	bad	bad2	ɲ ɔ
437	241	Jerigaon	clitoris	clitoris	Ø eː
438	241	Khispi	clitoris	clitoris	Ø i
439	241	Duhumbi	clitoris	clitoris	Ø i
440	242	Khoina	clitoris	clitoris	dz ɔ -
441	242	Khoitam	clitoris	clitoris	dʑ ɔ p
442	242	Duhumbi	clitoris	clitoris	dʑ ɔ p
443	242	Jerigaon	clitoris	clitoris	tɕ ɔ -
444	242	Khispi	clitoris	clitoris	dʑ ɔ -
445	242	Rahung	clitoris	clitoris	tɕ ɔ p
446	246	Duhumbi	cloud, mist, fog	cloudmistfog	t i
447	247	Khispi	cloud, mist, fog	cloudmistfog	Ø Ø Ø
448	247	Duhumbi	cloud, mist, fog	cloudmistfog	Ø Ø Ø
449	249	Khoina	cockroach	cockroach	tsʰ Ø -
450	249	Jerigaon	cockroach	cockroach	tɕʰ Ø -
451	249	Duhumbi	cockroach	cockroach	tɕʰ Ø -
452	250	Khoina	cockroach	cockroach	Ø u ŋ
453	250	Jerigaon	cockroach	cockroach	Ø u ŋ
454	250	Duhumbi	cockroach	cockroach	Ø u ŋ
455	251	Jerigaon	scratch	?	d ɔ k
456	251	Khoitam	scratch	?	d ɔ k
457	251	Rahung	scratch	?	d ɔ k
458	252	Shergaon	cold	cold	Ø a n
459	253	Shergaon	cold (vi)	coldvi	r uː Ø
460	256	Shergaon	come	come	u Ø
461	256	Rupa	come	come	u -
462	256	Duhumbi	come	come	u n
463	258	Khoina	comparative degree	comparativedegree	ʂ ɔ k
464	258	Shergaon	comparative degree	comparativedegree	s ɔ k
465	258	Rupa	comparative degree	comparativedegree	s ɔ k
466	259	Khoitam	cook	cook	Ø Ø ŋ
467	261	Rahung	copula, negative	copulanegative	b Ø
468	262	Rahung	copula, negative	copulanegative	- yː
469	265	Khispi	cotton	cotton	Ø Ø Ø j
470	266	Khispi	cotton	cotton	- Ø ŋ
471	268	Shergaon	cough (vi)	coughvi	Ø iː
472	268	Jerigaon	cough (vi)	coughvi	Ø yː
473	270	Khoina	cover (v)	coverv	tʰ - ai ŋ
474	270	Khoitam	cover (v)	coverv	tʰ - ɛ ŋ
475	270	Shergaon	cover (v)	coverv	tʰ - ɛ ŋ
476	270	Jerigaon	cover (v)	coverv	tʰ - ɛ ŋ
477	270	Khispi	cover (v)	coverv	tʰ j ɛ ŋ
478	270	Rahung	cover (v)	coverv	tʰ - ɛ ŋ
479	272	Khispi	creeper, vine	creepervine	kʰ u
480	272	Rupa	creeper, vine	creepervine	kʰ yː
481	272	Duhumbi	creeper, vine	creepervine	kʰ u
482	273	Shergaon	crow	crow	h ɔ Ø
483	273	Duhumbi	crow	crow	kʰ a Ø
484	274	Shergaon	crow	crow	- Ø
485	274	Rupa	crow	crow	- Ø
486	274	Duhumbi	crow	crow	ŋ Ø
487	276	Khispi	short	?	tʰ ɔ ŋ
488	276	Khoitam	short	?	tʰ u ŋ
489	276	Duhumbi	short	?	tʰ ɔ ŋ
490	278	Rupa	cucumber	cucumber	pʰ u ŋ
491	279	Shergaon	curcuma sp.	curcumasp	b eˀ -
492	279	Jerigaon	curcuma sp.	curcumasp	b øˀ -
493	279	Khispi	curcuma sp.	curcumasp	b ɔ s
494	279	Rupa	curcuma sp.	curcumasp	b øˀ -
495	280	Shergaon	cure (vi)	curevi	dʑ a Ø
496	280	Jerigaon	cure (vi)	curevi	dʑ a Ø
497	280	Rupa	cure (vi)	curevi	dʑ a Ø
498	281	Khispi	cut	cut	tɕʰ Ø k
499	282	Khispi	dance	dance	ɕ a
500	282	Duhumbi	dance	dance	ɕ a
501	283	Shergaon	trunk (tree)	?	tʰ u ŋ
502	283	Khispi	trunk (tree)	?	tʰ u ŋ
503	283	Duhumbi	trunk (tree)	?	tʰ u ŋ
504	285	Shergaon	daughter-in-law	daughterinlaw	tɕʰ a m
505	285	Jerigaon	daughter-in-law	daughterinlaw	tɕʰ a n
506	286	Khoina	pull	?	ʈʂʰ - ai ŋ
507	286	Jerigaon	pull	?	tɕʰ - ɛ ŋ
508	286	Khoitam	pull	?	tɕʰ - ɛ ŋ
509	287	Khispi	day after tomorrow	dayaftertomorrow	l Ø Ø
510	288	Khispi	day after tomorrow	dayaftertomorrow	l Ø
511	291	Khispi	day before two days	daybeforetwodays	Ø i Ø
512	291	Khoitam	day before two days	daybeforetwodays	Ø i Ø
513	291	Rahung	day before two days	daybeforetwodays	Ø i Ø
514	292	Khispi	day before two days	daybeforetwodays	Ø ɛ j
515	292	Khoitam	day before two days	daybeforetwodays	t ɛ -
516	292	Rahung	day before two days	daybeforetwodays	t ɛ -
517	296	Khispi	day before two days	daybeforetwodays	Ø i
518	296	Khoitam	day before two days	daybeforetwodays	Ø i
519	296	Rahung	day before two days	daybeforetwodays	Ø i
520	298	Khoitam	day before yesterday	daybeforeyesterday	Ø Ø
521	298	Rahung	day before yesterday	daybeforeyesterday	Ø Ø
522	301	Khoina	peas	peas	b i h
523	301	Rupa	peas	peas	b i ŋ
524	301	Shergaon	peas	peas	b i n
525	301	Jerigaon	peas	peas	b i Ø
526	301	Rahung	peas	peas	m i h
527	301	Khoitam	peas	peas	b i Ø
528	302	Khoina	deaf	deaf	b - i ŋ
529	302	Shergaon	deaf	deaf	b - Ø ŋ
530	302	Jerigaon	deaf	deaf	pʰ - ə ŋ
531	302	Rahung	deaf	deaf	p - Ø ŋ
532	306	Khispi	deep	deep	g Ø
533	306	Duhumbi	deep	deep	g Ø
534	307	Khoina	lie (n)	?	ʂ
535	307	Khispi	lie (n)	?	ɕ
536	307	Duhumbi	lie (n)	?	ɕ
537	311	Jerigaon	deer, barking	deerbarking	k iː
538	311	Rupa	deer, barking	deerbarking	k iː
539	312	Shergaon	goat	sa-prefix6	dʑ oː
540	312	Rupa	goat	sa-prefix6	dʑ oː
541	312	Duhumbi	goat	sa-prefix6	d a
542	312	Rahung	goat	sa-prefix6	dʑ ɔː
543	313	Shergaon	deer, sambar	deersambar	z u k
544	313	Jerigaon	deer, sambar	deersambar	dʑ y k
545	313	Duhumbi	deer, sambar	deersambar	Ø u ŋ
546	313	Rahung	deer, sambar	deersambar	z y k
547	314	Khoina	defeat (vi)	defeatvi	pʰ ũː -
548	314	Shergaon	defeat (vi)	defeatvi	pʰ ɔ̃ː -
549	314	Jerigaon	defeat (vi)	defeatvi	pʰ ɔ̃ː -
550	314	Khispi	defeat (vi)	defeatvi	pʰ a m
551	314	Rupa	defeat (vi)	defeatvi	pʰ ũː -
552	315	Shergaon	deity, ghost	deityghost	l Ø
553	315	Jerigaon	deity, ghost	deityghost	l ɔː
554	316	Shergaon	deity, ghost	deityghost	m ə
555	316	Jerigaon	deity, ghost	deityghost	m ə
556	316	Khispi	deity, ghost	deityghost	m u
557	316	Rupa	deity, ghost	deityghost	m ə
558	316	Duhumbi	deity, ghost	deityghost	m u
559	318	Shergaon	descend	descend	j iː
560	318	Jerigaon	descend	descend	j yː
561	320	Khoina	dig	dig	Ø ɔ k
562	320	Shergaon	dig	dig	Ø ɔ k
563	320	Khoitam	dig	dig	Ø ɔ k
564	321	Khispi	dirty	dirty	ʑ ɛ t
565	321	Duhumbi	dirty	dirty	ʑ ɛ t
566	322	Khispi	soft / smooth	?	d ɔ ŋ
567	322	Duhumbi	soft / smooth	?	d ɔ ŋ
568	324	Shergaon	disease	disease	n u ŋ
569	324	Khispi	disease	disease	l ɔ ŋ
570	324	Duhumbi	disease	disease	ɹ ɔ ŋ
571	326	Shergaon	pull	pull	g iː
572	326	Khispi	pull	pull	g i
573	326	Rupa	pull	pull	g iː
574	326	Duhumbi	pull	pull	g i
575	328	Shergaon	few, little	?	tɕʰ aː
576	328	Khispi	few, little	?	tɕʰ i
577	328	Rupa	few, little	?	tɕʰ aː
578	328	Duhumbi	few, little	?	tɕʰ i
579	330	Khispi	dog, wild	dogwild	Ø Ø -
580	330	Khoitam	dog, wild	dogwild	Ø ə -
581	330	Duhumbi	dog, wild	dogwild	Ø Ø -
582	332	Rahung	down	down	b Ø
583	333	Khoina	down (visible)	downvisible	kʰ Ø ə -
584	333	Shergaon	down (visible)	downvisible	kʰ Ø i Ø
585	333	Jerigaon	down (visible)	downvisible	kʰ Ø a -
586	333	Rupa	down (visible)	downvisible	kʰ Ø ə Ø
587	334	Khoitam	dragon, thunder, lightning	thunder	tɕʰ aː
588	334	Duhumbi	dragon, thunder, lightning	thunder	tɕʰ ɔ
589	334	Shergaon	dragon, thunder, lightning	thunder	tɕʰ aː
590	334	Jerigaon	dragon, thunder, lightning	thunder	tɕʰ aː
591	334	Khispi	dragon, thunder, lightning	thunder	tɕʰ u
592	334	Rupa	dragon, thunder, lightning	thunder	tsʰ aː
593	335	Duhumbi	lightning	sky-prefix3	n e Ø
594	341	Khoina	dry (adj.)	dryadj	y k
595	341	Rupa	dry (adj.)	dryadj	y k
596	341	Duhumbi	dry (adj.)	dryadj	u k
597	341	Shergaon	dry (adj.)	dryadj	u k
598	341	Khispi	dry (adj.)	dryadj	u k
599	341	Rahung	dry (adj.)	dryadj	y k
600	342	Jerigaon	dry (adj.)	dryadj	- ɔ Ø
601	342	Khoitam	dry (adj.)	dryadj	- u Ø
602	344	Khoina	child	?	n a
603	344	Khoitam	child	?	n ə
604	344	Duhumbi	child	?	n a
605	344	Jerigaon	child	?	n ə
606	344	Khispi	child	?	n a
607	344	Rahung	child	?	n ə
608	345	Khoina	dual	dual	z i -
609	345	Jerigaon	dual	dual	z i ɹ
610	345	Khoitam	dual	dual	z i -
611	346	Khoina	eagle, buzzard	eaglebuzzard	Ø Ø ŋ
612	346	Shergaon	eagle, buzzard	eaglebuzzard	Ø Ø ŋ
613	346	Jerigaon	eagle, buzzard	eaglebuzzard	Ø Ø ŋ
614	347	Khoina	quarrel (v)	quarrelv	ʂ u ŋ
615	347	Rupa	quarrel (v)	quarrelv	s u ŋ
616	347	Shergaon	quarrel (v)	quarrelv	s u ŋ
617	347	Jerigaon	quarrel (v)	quarrelv	s u ŋ
618	347	Rahung	quarrel (v)	quarrelv	s u ŋ
619	347	Khoitam	quarrel (v)	quarrelv	s u ŋ
620	348	Khoina	eagle, buzzard	eaglebuzzard	Ø ə
621	348	Shergaon	eagle, buzzard	eaglebuzzard	Ø u
622	348	Jerigaon	eagle, buzzard	eaglebuzzard	Ø ə
623	351	Khoina	ear	ear	l ɛ -
624	351	Rupa	ear	ear	l a p
625	351	Khoitam	ear	ear	l a p
626	351	Duhumbi	ear	ear	l ɛ p
627	351	Khispi	ear	ear	l ɛ -
628	351	Rahung	ear	ear	l ɛ p
629	352	Shergaon	earthworm	earthworm	Ø Ø Ø Ø
630	352	Duhumbi	earthworm	earthworm	Ø Ø Ø Ø
631	353	Khoina	earthworm	earthworm	pʰ ə
632	353	Shergaon	earthworm	earthworm	pʰ Ø
633	353	Jerigaon	earthworm	earthworm	pʰ Ø
634	353	Duhumbi	earthworm	earthworm	pʰ u
635	353	Rahung	earthworm	earthworm	pʰ Ø
636	354	Khoina	earthworm	earthworm	x ɐ̃ː
637	354	Shergaon	earthworm	earthworm	h ɔ̃ː
638	354	Jerigaon	earthworm	earthworm	h ɐ̃ː
639	354	Khispi	earthworm	earthworm	h a
640	354	Duhumbi	earthworm	earthworm	h a
641	355	Rahung	earthworm	earthworm	l ə
642	355	Rupa	earthworm	earthworm	l aː
643	355	Duhumbi	earthworm	earthworm	l ɔ
644	355	Shergaon	earthworm	earthworm	l aː
645	355	Khispi	earthworm	earthworm	l u
646	355	Khoitam	earthworm	earthworm	l aː
647	356	Rahung	earthworm	earthworm	kʰ
648	356	Rupa	earthworm	earthworm	kʰ
649	356	Duhumbi	earthworm	earthworm	kʰ
650	356	Shergaon	earthworm	earthworm	kʰ
651	356	Khispi	earthworm	earthworm	kʰ
652	356	Khoitam	earthworm	earthworm	kʰ
653	358	Shergaon	egg	egg	h u ŋ
654	359	Khoina	mouth	?	n øˀ
655	359	Jerigaon	mouth	?	n Ø
656	359	Khoitam	mouth	?	n eˀ
657	359	Rahung	mouth	?	n øˀ
658	366	Khispi	elbow	elbow	Ø i
659	367	Khispi	elbow	elbow	Ø Ø
660	367	Duhumbi	elbow	elbow	Ø Ø
661	368	Khispi	elbow	hand2	i k
662	368	Duhumbi	elbow	hand2	i k
663	372	Khispi	elephant	elephant	ɕ Ø
664	372	Duhumbi	elephant	elephant	ɕ Ø
665	373	Khispi	elephant	elephant	Ø ɔ ŋ
666	373	Duhumbi	elephant	elephant	Ø ɔ ŋ
667	374	Shergaon	elephant	elephant	s a -
668	374	Khispi	elephant	elephant	ɕ a -
669	374	Rupa	elephant	elephant	s a -
670	374	Duhumbi	elephant	elephant	ɕ a -
671	376	Khoina	spit	?	x i n
672	376	Rupa	spit	?	h i n
673	376	Shergaon	spit	?	h i n
674	376	Jerigaon	spit	?	h i n
675	376	Rahung	spit	?	h i n
676	376	Khoitam	spit	?	h i n
677	377	Shergaon	frying pan	?	j aː
678	377	Jerigaon	frying pan	?	j ɛː
679	377	Khispi	frying pan	?	j i
680	377	Duhumbi	frying pan	?	j i
681	378	Khoitam	excrete	excrete	tɕʰ Ø -
682	381	Khoina	deep	?	r yː
683	381	Shergaon	deep	?	r iː
684	381	Khispi	deep	?	d u
685	381	Rupa	deep	?	r yː
686	381	Duhumbi	deep	?	d u
687	382	Shergaon	face	face	m Ø -
688	383	Shergaon	face	face	z u k
689	383	Jerigaon	face	face	z y k
690	383	Khispi	face	face	z u k
691	384	Shergaon	falcon	falcon	Ø a ŋ
692	384	Rupa	falcon	falcon	Ø a ŋ
693	384	Khoitam	falcon	falcon	Ø a ŋ
694	384	Rahung	falcon	falcon	Ø a ŋ
695	386	Shergaon	falcon	falcon	k ə
696	386	Rupa	falcon	falcon	k a
697	386	Khoitam	falcon	falcon	k ə
698	386	Rahung	falcon	falcon	k ə
699	387	Shergaon	left (side)	?	ə
700	387	Khispi	left (side)	?	a
701	387	Rupa	left (side)	?	ə
702	387	Duhumbi	left (side)	?	a
703	387	Rahung	left (side)	?	ə
704	389	Khoina	pumpkin	?	ʂ ɔ̃ː
705	389	Jerigaon	pumpkin	?	s Ø
706	389	Rupa	pumpkin	?	s ɔ
707	389	Khoitam	pumpkin	?	s ũː
708	389	Rahung	pumpkin	?	s ũː
709	390	Khispi	far	far	tɕʰ a
710	390	Duhumbi	far	far	tɕʰ a
711	391	Jerigaon	millet, broomcorn	?	tɕʰ ɐ k
712	391	Khispi	millet, broomcorn	?	Ø a k
713	391	Khoitam	millet, broomcorn	?	tɕʰ a k
714	392	Khispi	fast	fast	Ø Ø k
715	393	Khoina	potato-bean	?	m ɛ n
716	393	Rupa	potato-bean	?	m a n
717	393	Shergaon	potato-bean	?	m a n
718	393	Jerigaon	potato-bean	?	m ɛ n
719	393	Khispi	potato-bean	?	m ɛ n
720	393	Rahung	potato-bean	?	m ɛ n
721	397	Shergaon	father	father	b Ø
722	398	Jerigaon	millet, foxtail	?	kʰ u
723	398	Khispi	millet, foxtail	?	kʰ a
724	398	Rahung	millet, foxtail	?	kʰ u
725	399	Khispi	fear (vi)	fearvi	pʰ ɔ ŋ
726	399	Duhumbi	fear (vi)	fearvi	pʰ ɔ ŋ
727	400	Khoina	female	female	m uː
728	401	Khoina	amaranth	amaranth	k u ŋ
729	401	Rahung	amaranth	amaranth	k u ŋ
730	401	Rupa	amaranth	amaranth	k u ŋ
731	401	Shergaon	amaranth	amaranth	k u ŋ
732	401	Khispi	amaranth	amaranth	k ɔ ŋ
733	401	Khoitam	amaranth	amaranth	k u ŋ
734	403	Khoina	fence	fence	g u ŋ
735	403	Shergaon	fence	fence	g u ŋ
736	403	Jerigaon	fence	fence	g u ŋ
737	403	Rupa	fence	fence	g u ŋ
738	406	Khoina	fetch	fetch	l a
739	406	Jerigaon	fetch	fetch	l ɛˀ
740	407	Khoina	year, next	?	s a ŋ
741	407	Shergaon	year, next	?	s a ŋ
742	407	Jerigaon	year, next	?	s a ŋ
743	407	Rupa	year, next	?	s a ŋ
744	407	Duhumbi	year, next	?	s a ŋ
745	408	Khoina	honey	?	tsʰ y
746	408	Rupa	honey	?	tsʰ y
747	408	Shergaon	honey	?	tɕʰ u
748	408	Jerigaon	honey	?	tɕʰ y
749	408	Rahung	honey	?	tɕʰ y
750	408	Khoitam	honey	?	tɕʰ y
751	411	Khoitam	hornet	?	d ə
752	411	Duhumbi	hornet	?	d u
753	411	Shergaon	hornet	?	d ə
754	411	Jerigaon	hornet	?	d ə
755	411	Khispi	hornet	?	d u
756	411	Rahung	hornet	?	d ə
757	412	Shergaon	finger	finger	- a
758	412	Rupa	finger	finger	- a
759	412	Khoitam	finger	finger	- a
760	412	Duhumbi	finger	finger	s a
761	412	Rahung	finger	finger	- a
762	413	Khoina	finger	finger	Ø ɹ a Ø
763	413	Shergaon	finger	finger	Ø ɹ ɔ Ø
764	413	Jerigaon	finger	finger	Ø ɹ ɔ Ø
765	413	Khispi	finger	finger	Ø ɹ a Ø
766	413	Rupa	finger	finger	Ø ɹ ɔ Ø
767	417	Khoina	lightning	?	b a
768	417	Khoitam	lightning	?	b a
769	417	Duhumbi	lightning	?	b a
770	417	Jerigaon	lightning	?	b a
771	417	Khispi	lightning	?	b a
772	417	Rahung	lightning	?	b a
773	419	Khoina	flame	flame	h a -
774	419	Shergaon	flame	flame	l a p
775	419	Jerigaon	flame	flame	l a -
776	419	Khispi	flame	flame	Ø a -
777	419	Rahung	flame	flame	r a p
778	421	Khoina	flee	flee	j ɛ t
779	421	Jerigaon	flee	flee	j ɛ t
780	422	Khoina	float	?	r Ø
781	422	Shergaon	float	?	r Ø
782	422	Khispi	float	?	d Ø
783	422	Rupa	float	?	r Ø
784	422	Duhumbi	float	?	d Ø
785	423	Khoina	dog	?	- a
786	423	Rupa	dog	?	- a
787	423	Shergaon	dog	?	- a
788	423	Jerigaon	dog	?	- a
789	423	Rahung	dog	?	- a
790	423	Khoitam	dog	?	- a
791	427	Khoina	sister, younger	sisteryounger	r i ŋ
792	427	Khispi	sister, younger	sisteryounger	d i ŋ
793	427	Duhumbi	sister, younger	sisteryounger	d i ŋ
794	428	Shergaon	flow	flow	h u m
795	428	Khispi	flow	flow	h u ŋ
796	428	Rupa	flow	flow	h y ŋ
797	428	Duhumbi	flow	flow	h u ŋ
798	428	Rahung	flow	flow	h y ŋ
799	429	Khoina	sour	sour	ts y m
800	429	Rupa	sour	sour	ts y m
801	429	Shergaon	sour	sour	Ø u m
802	429	Jerigaon	sour	sour	tɕ y m
803	429	Rahung	sour	sour	tɕ y m
804	429	Khoitam	sour	sour	tɕ y m
805	430	Khoina	flow	flow	b a -
806	430	Jerigaon	flow	flow	b a -
807	430	Khispi	flow	flow	w a -
808	430	Khoitam	flow	flow	Ø a -
809	430	Rahung	flow	flow	Ø a -
810	431	Khispi	fly (n)	flyn	Ø i m
811	431	Duhumbi	fly (n)	flyn	Ø a m
812	431	Rahung	fly (n)	flyn	Ø i -
813	432	Khispi	fly (n)	flyn	b Ø -
814	432	Duhumbi	fly (n)	flyn	b Ø -
815	433	Rahung	fly (n)	flyn	tɕ ɔ ŋ
816	433	Rupa	fly (n)	flyn	z ɔ ŋ
817	433	Duhumbi	fly (n)	flyn	tɕ ɔ ŋ
818	433	Shergaon	fly (n)	flyn	tɕ ɔ ŋ
819	433	Khispi	fly (n)	flyn	tɕ ɔ ŋ
820	433	Khoitam	fly (n)	flyn	tɕ ɔ ŋ
821	435	Khoina	sparrow	sparrow	n l ɐːʰ
822	435	Khoitam	sparrow	sparrow	n l Ø
823	435	Duhumbi	sparrow	sparrow	h - a
824	435	Jerigaon	sparrow	sparrow	Ø l uː
825	435	Khispi	sparrow	sparrow	h Ø a
826	435	Rahung	sparrow	sparrow	pʰ - ə
827	436	Shergaon	fodder	fodder	Ø ɔ
828	436	Jerigaon	fodder	fodder	Ø Ø
829	437	Duhumbi	food	food	h Ø j
830	438	Khispi	forehead	forehead	m Ø
831	438	Duhumbi	forehead	forehead	m Ø
832	439	Khispi	excrement	?	j i
833	439	Duhumbi	excrement	?	j i
834	440	Khispi	forest	forest	ɕ Ø Ø
835	440	Duhumbi	forest	forest	ɕ Ø Ø
836	441	Khoina	forest	forest	dʑ a ŋ
837	441	Jerigaon	forest	forest	dʑ a ŋ
838	441	Khoitam	forest	forest	dʑ a ŋ
839	441	Rahung	forest	forest	dʑ a ŋ
840	442	Khispi	garlic	?	s i ŋ
841	442	Duhumbi	garlic	?	s i ŋ
842	442	Rahung	garlic	?	s i ŋ
843	443	Rahung	forest	forest	r Ø
844	443	Rupa	forest	forest	r ɛ
845	443	Duhumbi	forest	forest	d ɛ
846	443	Shergaon	forest	forest	r Ø
847	443	Khispi	forest	forest	d ɛ
848	443	Khoitam	forest	forest	r a
849	444	Duhumbi	forget	forget	pʰ - a k
850	447	Jerigaon	friend	friend	r ɔ k
851	447	Khoitam	friend	friend	r ɔ k
852	447	Rahung	friend	friend	r ɔ k
853	448	Shergaon	friend	soil-prefix	kʰ i
854	448	Khispi	friend	soil-prefix	kʰ i
855	448	Rupa	friend	soil-prefix	g ə
856	448	Duhumbi	friend	soil-prefix	kʰ i
857	449	Khoina	sparrow	sparrow	ts ɔ m
858	449	Rupa	sparrow	sparrow	ts a m
859	449	Duhumbi	sparrow	sparrow	ts o m
860	449	Shergaon	sparrow	sparrow	tɕ a m
861	449	Jerigaon	sparrow	sparrow	tɕ ɔ m
862	449	Khispi	sparrow	sparrow	ts o m
863	452	Shergaon	frog	frog	r Ø Ø
864	452	Khispi	frog	frog	d Ø Ø
865	452	Duhumbi	frog	frog	d Ø Ø
866	453	Khoina	frog	frog	d y ŋ
867	453	Rupa	frog	frog	d y ŋ
868	453	Shergaon	frog	frog	d u ŋ
869	453	Jerigaon	frog	frog	d y ŋ
870	453	Rahung	frog	frog	d y ŋ
871	453	Khoitam	frog	frog	d y ŋ
872	454	Khoina	okay	?	ɐː -
873	454	Shergaon	okay	?	Ø -
874	454	Rupa	okay	?	ɔ -
875	458	Shergaon	wait	?	Ø a ŋ
876	458	Jerigaon	wait	?	Ø a ŋ
877	458	Rahung	wait	?	Ø a ŋ
878	459	Shergaon	rain (n)	?	Ø Ø
879	459	Khispi	rain (n)	?	tsʰ Ø
880	460	Shergaon	frying pan	fryingpan	kʰ Ø
881	460	Jerigaon	frying pan	fryingpan	kʰ Ø
882	460	Khispi	frying pan	fryingpan	kʰ Ø
883	460	Duhumbi	frying pan	fryingpan	kʰ Ø
884	461	Khoina	that side	?	ɔ
885	461	Rupa	that side	?	ɔ
886	461	Duhumbi	that side	?	ɔ
887	461	Shergaon	that side	?	ɔ
888	461	Jerigaon	that side	?	ɔ
889	461	Rahung	that side	?	ɔ
890	462	Khoina	full	ba-suffix	b a
891	462	Shergaon	full	ba-suffix	b a
892	462	Khoitam	full	ba-suffix	b a
893	463	Khoina	much	?	k a
894	463	Rupa	much	?	k a
895	463	Shergaon	much	?	k a
896	463	Jerigaon	much	?	k a
897	463	Rahung	much	?	k a
898	463	Khoitam	much	?	k a
899	465	Duhumbi	gall, bile	gallbile	ɕ i
900	466	Khoina	fruit	?	l a ŋ
901	466	Jerigaon	fruit	?	l a ŋ
902	466	Khispi	fruit	?	l a ŋ
903	466	Duhumbi	fruit	?	l a ŋ
904	468	Khoina	garden	garden	tsʰ ø ɹ
905	468	Shergaon	garden	garden	tɕʰ ɔ ɹ
906	468	Jerigaon	garden	garden	tɕʰ ø ɹ
907	468	Rupa	garden	garden	tsʰ ɔ ɹ
908	468	Rahung	garden	garden	tɕʰ ø ɹ
909	469	Khoina	garden	garden	s aː ɹ
910	469	Rupa	garden	garden	s aː ɹ
911	469	Shergaon	garden	garden	s aː ɹ
912	469	Jerigaon	garden	garden	s ɛːʰ ɹ
913	469	Rahung	garden	garden	s ɛːʰ ɹ
914	469	Khoitam	garden	garden	s ɛːʰ ɹ
915	471	Rahung	garlic	garlic	m ø k
916	472	Khoina	wet	?	ʂ i ŋ
917	472	Jerigaon	wet	?	s i ŋ
918	472	Rupa	wet	?	s i ŋ
919	475	Khoina	keep, remain	?	r uː
920	475	Shergaon	keep, remain	?	r uː
921	475	Khoitam	keep, remain	?	r uː
922	475	Rahung	keep, remain	?	r uː
923	476	Khispi	goat	goat	dʑ a
924	476	Duhumbi	goat	goat	Ø u
925	477	Khoina	goitre	goitre	d a
926	478	Khoina	goitre	goitre	r Ø -
927	480	Shergaon	soda ash	?	r iː
928	480	Jerigaon	soda ash	?	r iː
929	480	Khispi	soda ash	?	l i
930	480	Khoitam	soda ash	?	r iː
931	481	Khispi	good	good	Ø Ø -
932	482	Khoina	shoulder	?	t y ŋ
933	482	Rupa	shoulder	?	t y ŋ
934	482	Shergaon	shoulder	?	t u ŋ
935	482	Jerigaon	shoulder	?	t y ŋ
936	482	Rahung	shoulder	?	t y ŋ
937	482	Khoitam	shoulder	?	t y ŋ
938	483	Khoina	goral	goral	Ø ɛ r
939	484	Shergaon	gourd	gourd	kʰ -
940	484	Jerigaon	gourd	gourd	kʰ -
941	484	Khoitam	gourd	gourd	kʰ -
942	484	Duhumbi	gourd	gourd	kʰ a
943	484	Rupa	gourd	gourd	kʰ -
944	485	Shergaon	gourd	gourd	tɕʰ u ŋ
945	485	Jerigaon	gourd	gourd	tɕʰ u ŋ
946	485	Khoitam	gourd	gourd	tɕʰ u ŋ
947	485	Duhumbi	gourd	gourd	tɕʰ ɔ ŋ
948	485	Rupa	gourd	gourd	tɕʰ u ŋ
949	486	Shergaon	grandfather	grandfather	s uː
950	486	Jerigaon	grandfather	grandfather	s uː
951	486	Khispi	grandfather	grandfather	s a
952	486	Khoitam	grandfather	grandfather	s uː
953	486	Duhumbi	grandfather	grandfather	s a
954	488	Khoina	angry (vi)	angryvi1	tsʰ i k
955	488	Rupa	angry (vi)	angryvi1	tɕʰ i k
956	488	Shergaon	angry (vi)	angryvi1	Ø i k
957	488	Jerigaon	angry (vi)	angryvi1	Ø i k
958	488	Rahung	angry (vi)	angryvi1	tɕʰ i k
959	488	Khoitam	angry (vi)	angryvi1	tɕʰ i k
960	491	Khispi	green	green	ɔ
961	491	Duhumbi	green	green	ɔ
962	495	Shergaon	gum	gum	Ø i Ø
963	495	Jerigaon	gum	gum	Ø ĩː Ø
964	495	Khispi	gum	gum	ɲ i Ø
965	495	Khoitam	gum	gum	Ø i Ø
966	498	Shergaon	hail	hail	n Ø -
967	498	Khispi	hail	hail	n Ø -
968	498	Duhumbi	hail	hail	n Ø -
969	499	Shergaon	hail	hail	j Ø ŋ
970	499	Khispi	hail	hail	j Ø ŋ
971	499	Duhumbi	hail	hail	j Ø ŋ
972	499	Rahung	hail	hail	j Ø ŋ
973	500	Duhumbi	hair (body): feather	hairbodyfeather	m u Ø
974	501	Khoina	left (side)	?	b a
975	501	Khoitam	left (side)	?	b ə
976	501	Duhumbi	left (side)	?	b a
977	501	Jerigaon	left (side)	?	b ə
978	501	Khispi	left (side)	?	b a
979	501	Rahung	left (side)	?	b ə
980	504	Shergaon	halt, stop	haltstop	k a k
981	504	Jerigaon	halt, stop	haltstop	k ɐ k
982	504	Khispi	halt, stop	haltstop	Ø a k
983	504	Khoitam	halt, stop	haltstop	k a k
984	504	Rupa	halt, stop	haltstop	kʰ a k
985	505	Khoina	fall	?	tsʰ uː
986	505	Shergaon	fall	?	tɕʰ uː
987	505	Jerigaon	fall	?	tɕʰ uː
988	505	Khoitam	fall	?	tɕʰ uː
989	507	Khoina	hard	hard	ts uː
990	507	Khispi	hard	hard	ts a
991	507	Duhumbi	hard	hard	ts a
992	508	Khoina	sparrow	?	r aː
993	508	Rupa	sparrow	?	r aː
994	508	Duhumbi	sparrow	?	d i
995	508	Shergaon	sparrow	?	r aː
996	508	Jerigaon	sparrow	?	r ɛː
997	508	Khispi	sparrow	?	d i
998	509	Shergaon	hatch	hatch	tɕ ɔ k
999	509	Jerigaon	hatch	hatch	tɕ ɔ k
1000	509	Khispi	hatch	hatch	ts ɔ k
1001	509	Rupa	hatch	hatch	ts ɔ k
1002	511	Khoina	head	head	kʰ Ø
1003	513	Khispi	heart	heart	ɕ Ø
1004	513	Duhumbi	heart	heart	ɕ Ø
1005	514	Khoina	heart	heart	tʰ a x
1006	514	Rupa	heart	heart	tʰ a h
1007	514	Shergaon	heart	heart	tʰ a k
1008	514	Jerigaon	heart	heart	tʰ a h
1009	514	Rahung	heart	heart	tʰ a h
1010	514	Khoitam	heart	heart	tʰ a h
1011	515	Khoina	hearth, fireplace	hearthfireplace	b Ø -
1012	515	Jerigaon	hearth, fireplace	hearthfireplace	b Ø -
1013	516	Khoina	hearth, fireplace	hearthfireplace	r Ø Ø
1014	516	Jerigaon	hearth, fireplace	hearthfireplace	r ø Ø
1015	520	Khispi	here	here	tʰ ɔː
1016	520	Duhumbi	here	here	tʰ ɔː
1017	521	Khoina	here	here	r u -
1018	521	Shergaon	here	here	r ɔ -
1019	521	Khispi	here	here	d ɔ -
1020	521	Rupa	here	here	r y -
1021	521	Duhumbi	here	here	d ɔ -
1022	524	Khoina	hold	hold	z ø n
1023	524	Rahung	hold	hold	z ø m
1024	525	Rahung	honey	honey	Ø iː
1025	528	Shergaon	hornbill	hornbill	l Ø -
1026	528	Jerigaon	hornbill	hornbill	l Ø -
1027	528	Khispi	hornbill	hornbill	l Ø -
1028	528	Rupa	hornbill	hornbill	l Ø -
1029	528	Duhumbi	hornbill	hornbill	l Ø -
1030	531	Khoina	hornbill	hornbill	f u
1031	531	Rupa	hornbill	hornbill	pʰ u
1032	531	Duhumbi	hornbill	hornbill	pʰ ɔ
1033	531	Shergaon	hornbill	hornbill	pʰ u
1034	531	Jerigaon	hornbill	hornbill	h u
1035	531	Khispi	hornbill	hornbill	pʰ ɔ
1036	532	Khoitam	hornbill	hornbill	w ũː ŋ
1037	532	Duhumbi	hornbill	hornbill	b a ŋ
1038	532	Shergaon	hornbill	hornbill	w ɔː ŋ
1039	532	Jerigaon	hornbill	hornbill	w Ø ŋ
1040	532	Khispi	hornbill	hornbill	b a ŋ
1041	532	Rahung	hornbill	hornbill	w ũː ŋ
1042	533	Khoina	hornet	hornet	tɕʰ aː -
1043	533	Shergaon	hornet	hornet	Ø a -
1044	533	Khispi	hornet	hornet	tɕ i k
1045	533	Rupa	hornet	hornet	Ø ã k
1046	533	Rahung	hornet	hornet	Ø ɛː k
1047	534	Shergaon	hornet	hornet	tɕʰ Ø
1048	534	Jerigaon	hornet	hornet	tɕʰ Ø
1049	534	Khispi	hornet	hornet	tɕʰ Ø
1050	534	Rahung	hornet	hornet	Ø Ø
1051	539	Shergaon	horsefly	horsefly	p Ø -
1052	539	Jerigaon	horsefly	horsefly	p Ø -
1053	539	Khispi	horsefly	horsefly	p Ø -
1054	539	Rupa	horsefly	horsefly	p Ø -
1055	540	Shergaon	horsefly	horsefly	t a m
1056	540	Jerigaon	horsefly	horsefly	t ɛ m
1057	540	Khispi	horsefly	horsefly	t a m
1058	540	Rupa	horsefly	horsefly	t a m
1059	540	Rahung	horsefly	horsefly	t a m
1060	541	Rupa	horsefly	horsefly	l a
1061	541	Duhumbi	horsefly	horsefly	l a
1062	541	Shergaon	horsefly	horsefly	l a
1063	541	Jerigaon	horsefly	horsefly	l a
1064	541	Khispi	horsefly	horsefly	l a
1065	541	Rahung	horsefly	horsefly	l a
1066	542	Khispi	spear	spear	dʑ Ø ŋ
1067	543	Rahung	star	da-prefix	d -
1068	543	Rupa	star	da-prefix	d -
1069	543	Duhumbi	star	da-prefix	d i
1070	543	Shergaon	star	da-prefix	d ə
1071	543	Khispi	star	da-prefix	d i
1072	543	Khoitam	star	da-prefix	d ə
1073	545	Jerigaon	how many	howmany	Ø yː Ø
1074	545	Khoitam	how many	howmany	Ø - Ø
1075	547	Jerigaon	how many	howmany	Ø ə
1076	547	Khispi	how many	howmany	m u
1077	547	Khoitam	how many	howmany	ŋ ə
1078	547	Duhumbi	how many	howmany	m u
1079	548	Jerigaon	how many	howmany	Ø Ø Ø
1080	548	Khoitam	how many	howmany	Ø Ø Ø
1081	548	Duhumbi	how many	howmany	ŋ Ø Ø
1082	548	Rupa	how many	howmany	ŋ Ø Ø
1083	551	Khoina	sun, day	sunday	m yː
1084	551	Shergaon	sun, day	sunday	m iː
1085	551	Jerigaon	sun, day	sunday	m yː
1086	551	Rupa	sun, day	sunday	m yː
1087	564	Duhumbi	husband	husband	j Ø
1088	566	Khoina	ice	ice	x ɛ t
1089	566	Jerigaon	ice	ice	h ɛ k
1090	572	Khispi	intestines	intestines	l u
1091	572	Duhumbi	intestines	intestines	l ɔ
1092	574	Khispi	iron	iron	Ø Ø
1093	574	Duhumbi	iron	iron	Ø Ø
1094	576	Khoina	up there	upthere	tʰ a ŋ
1095	576	Khispi	up there	upthere	tʰ a ŋ
1096	576	Duhumbi	up there	upthere	tʰ a ŋ
1097	577	Khoina	jackal	jackal	r u ŋ
1098	577	Khoitam	jackal	jackal	r u ŋ
1099	577	Rahung	jackal	jackal	r u ŋ
1100	578	Khoina	jackal	jackal	m ɛ -
1101	578	Khoitam	jackal	jackal	m ə -
1102	578	Rahung	jackal	jackal	m a -
1103	579	Shergaon	jump	jump	Ø Ø Ø
1104	579	Jerigaon	jump	jump	Ø Ø Ø
1105	581	Khoina	morning	?	r uː
1106	581	Khispi	morning	?	d a
1107	581	Duhumbi	morning	?	d a
1108	583	Khispi	kick (v)	kickv	kʰ u
1109	583	Duhumbi	kick (v)	kickv	kʰ u
1110	586	Khoina	trivet	trivet	tɕ Ø
1111	586	Jerigaon	trivet	trivet	tɕ Ø
1112	586	Khispi	trivet	trivet	tɕ Ø
1113	586	Duhumbi	trivet	trivet	tɕ Ø
1114	587	Shergaon	kiss (n)	kissn	Ø Ø p
1115	587	Jerigaon	kiss (n)	kissn	tɕ Ø -
1116	588	Shergaon	knee	knee	pʰ Ø k
1117	588	Khispi	knee	knee	pʰ Ø k
1118	588	Duhumbi	knee	knee	pʰ Ø k
1119	591	Khoina	knee	knee	- l a k
1120	591	Jerigaon	knee	knee	k l - k
1121	591	Rupa	knee	knee	k l u k
1122	591	Khoitam	knee	knee	k l - k
1123	591	Rahung	knee	knee	k r - k
1124	597	Shergaon	langur	langur	Ø ə
1125	597	Rahung	langur	langur	Ø ə
1126	601	Khoina	late (vi)	latevi	j Ø -
1127	601	Shergaon	late (vi)	latevi	j Ø -
1128	601	Khispi	late (vi)	latevi	j Ø t
1129	607	Shergaon	leech, land	leechland	Ø a Ø
1130	607	Khispi	leech, land	leechland	Ø ɛ Ø
1131	607	Duhumbi	leech, land	leechland	Ø ɛ Ø
1132	608	Shergaon	leech, land	leechland	pʰ Ø
1133	608	Khispi	leech, land	leechland	pʰ Ø
1134	608	Duhumbi	leech, land	leechland	pʰ Ø
1135	609	Rupa	leech, water	leechwater	tɕʰ Ø i k
1136	609	Duhumbi	leech, water	leechwater	tɕ Ø i Ø
1137	612	Khispi	left (side)	leftside	Ø Ø
1138	612	Duhumbi	left (side)	leftside	Ø Ø
1139	616	Khoina	left (side)	leftside	t ɛ n
1140	616	Khoitam	left (side)	leftside	t ɛ n
1141	616	Duhumbi	left (side)	leftside	t ɛ Ø
1142	616	Shergaon	left (side)	leftside	t a Ø
1143	616	Khispi	left (side)	leftside	t e ɲ
1144	616	Rupa	left (side)	leftside	t a n
1145	617	Khispi	pheasant, kalij	?	Ø Ø
1146	617	Duhumbi	pheasant, kalij	?	Ø Ø
1147	622	Khispi	lie (n)	lien	t ɛ
1148	622	Duhumbi	lie (n)	lien	t ɛ
1149	624	Khoina	lift completely, carry	liftcompletelycarry	kʰ a ŋ
1150	624	Jerigaon	lift completely, carry	liftcompletelycarry	kʰ a ŋ
1151	624	Rahung	lift completely, carry	liftcompletelycarry	kʰ a ŋ
1152	625	Duhumbi	light	light	Ø ɔ k
1153	633	Khoina	lightning	lightning	t a -
1154	633	Jerigaon	lightning	lightning	t a -
1155	633	Khispi	lightning	lightning	t a -
1156	633	Duhumbi	lightning	lightning	t a p
1157	633	Rahung	lightning	lightning	t a p
1158	634	Khoina	lightning	lightning	m yː
1159	634	Khoitam	lightning	lightning	m yː
1160	634	Duhumbi	lightning	lightning	m u
1161	634	Jerigaon	lightning	lightning	m yː
1162	634	Khispi	lightning	lightning	m u
1163	634	Rahung	lightning	lightning	m yː
1164	635	Shergaon	like, love	likelove	h Ø n
1165	635	Jerigaon	like, love	likelove	h Ø -
1166	635	Khispi	like, love	likelove	h Ø n
1167	638	Shergaon	listen, heed	listenheed	n u -
1168	640	Duhumbi	liver	liver	Ø s i n
1169	644	Shergaon	load (n)	loadn	j u ŋ
1170	644	Jerigaon	load (n)	loadn	j u ŋ
1171	648	Shergaon	look	look	l a n
1172	648	Khispi	look	look	l ɛ n
1173	648	Duhumbi	look	look	l ɛ n
1174	651	Shergaon	lungs	lungs	r Ø
1175	651	Khispi	lungs	lungs	d Ø
1176	651	Rupa	lungs	lungs	r Ø
1177	651	Duhumbi	lungs	lungs	d Ø
1178	651	Rahung	lungs	lungs	r Ø
1179	652	Khispi	lungs	lungs	s Ø
1180	652	Duhumbi	lungs	lungs	s Ø
1181	656	Khispi	macaque	macaque	ɕ Ø
1182	657	Khispi	macaque	?	d ɔ ŋ
1183	659	Jerigaon	machete	machete	d uː
1184	661	Shergaon	maize	maize	tɕ Ø -
1185	661	Rupa	maize	maize	ts Ø -
1186	664	Shergaon	make	make	Ø uː t
1187	664	Jerigaon	make	make	tɕʰ uː t
1188	664	Rupa	make	make	Ø uː p
1189	664	Khoitam	make	make	tsʰ uː t
1190	664	Rahung	make	make	Ø uː t
1191	670	Shergaon	manure	manure	Ø Ø
1192	670	Jerigaon	manure	manure	Ø Ø
1193	670	Khispi	manure	manure	Ø Ø
1194	671	Shergaon	manure	manure	w uː
1195	671	Jerigaon	manure	manure	w uː
1196	671	Khispi	manure	manure	b a
1197	671	Khoitam	manure	manure	w uː
1198	671	Rupa	manure	manure	w uː
1199	673	Shergaon	marrow	marrow	ɲ iː
1200	673	Khispi	marrow	marrow	ɲ ɔ
1201	673	Duhumbi	marrow	marrow	ɲ ɔ
1202	683	Shergaon	meet	meet	s iː
1203	683	Jerigaon	meet	meet	s yː
1204	683	Rahung	meet	meet	s yː
1205	686	Shergaon	middle / centre	middlecentre	tɕ u ŋ
1206	686	Jerigaon	middle / centre	middlecentre	tɕ u ŋ
1207	686	Khoitam	middle / centre	middlecentre	tɕ u ŋ
1208	686	Rahung	middle / centre	middlecentre	tɕ u ŋ
1209	687	Jerigaon	millet, broomcorn	sky-prefix4	Ø ə -
1210	687	Khispi	millet, broomcorn	sky-prefix4	Ø i ŋ
1211	688	Khoina	settle	?	tsʰ a k
1212	688	Jerigaon	settle	?	tɕʰ a k
1213	689	Khispi	millet, finger	milletfinger	g Ø
1214	689	Duhumbi	millet, finger	milletfinger	g Ø
1215	690	Khispi	millet, finger	milletfinger	ts ɔ m
1216	690	Duhumbi	millet, finger	milletfinger	ts a m
1217	698	Khoina	morning	morning	n ɔː
1218	698	Jerigaon	morning	morning	n ɔ̃
1219	698	Khispi	morning	morning	ɲ Ø
1220	698	Duhumbi	morning	morning	ɲ Ø
1221	706	Khoina	mountain peak	?	r Ø
1222	706	Shergaon	mountain peak	?	r Ø
1223	706	Jerigaon	mountain peak	?	r Ø
1224	707	Khoina	mountain peak	mountainpeak	w uː
1225	707	Rupa	mountain peak	mountainpeak	w uː
1226	707	Duhumbi	mountain peak	mountainpeak	b a
1227	707	Shergaon	mountain peak	mountainpeak	w uː
1228	707	Jerigaon	mountain peak	mountainpeak	w uː
1229	707	Khispi	mountain peak	mountainpeak	b a
1230	711	Jerigaon	mouth	mouth	Ø Ø -
1231	712	Khoina	mouth	mouth	tsʰ ɔ̃ː
1232	712	Shergaon	mouth	mouth	tsʰ a
1233	712	Khispi	mouth	mouth	p Ø
1234	712	Rupa	mouth	mouth	tsʰ a
1235	712	Duhumbi	mouth	mouth	Ø Ø
1236	721	Khoina	naga, serpent deity	nagaserpentdeity	h yː
1237	721	Shergaon	naga, serpent deity	nagaserpentdeity	l iː
1238	721	Jerigaon	naga, serpent deity	nagaserpentdeity	Ø yː
1239	721	Khoitam	naga, serpent deity	nagaserpentdeity	l yː
1240	721	Rahung	naga, serpent deity	nagaserpentdeity	l yː
1241	733	Shergaon	neck	neck	Ø u ŋ
1242	733	Jerigaon	neck	neck	Ø u ŋ
1243	734	Shergaon	neck	neck	p Ø -
1244	734	Jerigaon	neck	neck	Ø Ø -
1245	734	Rupa	neck	neck	l Ø -
1246	738	Shergaon	need to, have to	needtohaveto	Ø eˀ -
1247	738	Jerigaon	need to, have to	needtohaveto	Ø eˀ -
1248	742	Shergaon	net for fishing	netforfishing	tɕʰ u k
1249	742	Jerigaon	net for fishing	netforfishing	tɕʰ u k
1250	742	Khoitam	net for fishing	netforfishing	tɕʰ u k
1251	742	Rahung	net for fishing	netforfishing	tɕʰ u k
1252	745	Jerigaon	night	night	n ə -
1253	750	Khoina	nominaliser	nominaliser	b a
1254	750	Shergaon	nominaliser	nominaliser	b a
1255	750	Khoitam	nominaliser	nominaliser	b a
1256	750	Rupa	nominaliser	nominaliser	b a
1257	752	Khispi	noon	noon	h a
1258	752	Duhumbi	noon	noon	h a
1259	753	Khoina	noon	noon	b uː -
1260	753	Rupa	noon	noon	b uː -
1261	753	Shergaon	noon	noon	b uː -
1262	753	Jerigaon	noon	noon	b uː -
1263	753	Rahung	noon	noon	b uː -
1264	753	Khoitam	noon	noon	b uː -
1265	755	Rupa	nose	nose	n Ø -
1266	755	Rahung	nose	nose	n Ø -
1267	759	Khoina	oil	oil	tʰ ɔː
1268	759	Jerigaon	oil	oil	tʰ ɔː
1269	759	Khispi	oil	oil	tʰ u
1270	759	Duhumbi	oil	oil	tʰ ɔ
1271	760	Khoina	see	?	y -
1272	760	Jerigaon	see	?	ə -
1273	760	Khoitam	see	?	ə -
1274	766	Khoina	other	other	b ĩː
1275	766	Shergaon	other	other	b Ø
1276	766	Jerigaon	other	other	b Ø
1277	766	Khispi	other	other	b u
1278	766	Duhumbi	other	other	b u
1279	767	Shergaon	other	other	ə
1280	767	Khispi	other	other	ɛ
1281	767	Duhumbi	other	other	ɛ
1282	768	Khispi	otter	otter	ɲ Ø
1283	768	Duhumbi	otter	otter	ɲ Ø
1284	769	Khispi	otter	otter	m a k
1285	769	Duhumbi	otter	otter	m a k
1286	770	Khispi	outside	outside	Ø
1287	770	Duhumbi	outside	outside	Ø
1288	771	Khispi	outside	outside	pʰ a
1289	771	Duhumbi	outside	outside	pʰ a
1290	775	Khoina	palm, sole	palmsole	Ø a Ø
1291	775	Jerigaon	palm, sole	palmsole	Ø a Ø
1292	776	Shergaon	palm, sole	palmsole	tʰ ɔ̃ː
1293	776	Khispi	palm, sole	palmsole	tʰ a
1294	776	Khoitam	palm, sole	palmsole	tʰ ũː
1295	776	Duhumbi	palm, sole	palmsole	tʰ a
1296	776	Rahung	palm, sole	palmsole	tʰ ũː
1297	777	Khoina	palm, sole	palmsole	Ø a
1298	777	Shergaon	palm, sole	palmsole	Ø a
1299	777	Jerigaon	palm, sole	palmsole	Ø a
1300	777	Khoitam	palm, sole	palmsole	ɹ a
1301	777	Rahung	palm, sole	palmsole	ɹ a
1302	778	Shergaon	pangolin	pangolin	w Ø
1303	778	Jerigaon	pangolin	pangolin	w Ø
1304	778	Khispi	pangolin	pangolin	b Ø
1305	778	Rupa	pangolin	pangolin	w Ø
1306	778	Duhumbi	pangolin	pangolin	b Ø
1307	779	Khoina	pangolin	pangolin	ʂ a
1308	779	Rupa	pangolin	pangolin	s ə
1309	779	Duhumbi	pangolin	pangolin	ɕ u
1310	779	Shergaon	pangolin	pangolin	s ə
1311	779	Jerigaon	pangolin	pangolin	s a
1312	779	Khispi	pangolin	pangolin	ɕ u
1313	781	Khoina	partridge	partridge	Ø Ø Ø
1314	781	Khispi	partridge	partridge	Ø Ø Ø
1315	781	Rupa	partridge	partridge	Ø Ø w
1316	786	Khoina	partridge	partridge	f ə
1317	786	Rupa	partridge	partridge	f ə
1318	786	Duhumbi	partridge	partridge	kʰ Ø
1319	786	Shergaon	partridge	partridge	f ə
1320	786	Khispi	partridge	partridge	h Ø
1321	786	Rahung	partridge	partridge	h ə
1322	787	Khoina	path, road	pathroad	m u
1323	787	Khoitam	path, road	pathroad	m u
1324	787	Rahung	path, road	pathroad	m u
1325	791	Shergaon	patient marker	patientmarker	Ø iː
1326	791	Jerigaon	patient marker	patientmarker	r iː
1327	794	Khispi	peas	peas	m - i
1328	794	Duhumbi	peas	peas	b Ø Ø
1329	796	Khispi	pheasant, kalij	pheasantkalij	kʰ Ø Ø k
1330	796	Duhumbi	pheasant, kalij	pheasantkalij	kʰ a Ø k
1331	800	Khoina	pheasant, tragopan	pheasanttragopan	x u
1332	800	Shergaon	pheasant, tragopan	pheasanttragopan	h u
1333	800	Khispi	pheasant, tragopan	pheasanttragopan	h ɔ
1334	800	Duhumbi	pheasant, tragopan	pheasanttragopan	h ɔ
1335	800	Rahung	pheasant, tragopan	pheasanttragopan	h u
1336	801	Khoina	pheasant, tragopan	pheasanttragopan	b aː Ø
1337	801	Khispi	pheasant, tragopan	pheasanttragopan	b a Ø
1338	801	Rahung	pheasant, tragopan	pheasanttragopan	b ɔ Ø
1339	805	Khispi	pillow	pillow	ɕ ɔ Ø
1340	805	Duhumbi	pillow	pillow	ɕ o Ø
1341	807	Shergaon	pinch	pinch	tɕ i k
1342	807	Jerigaon	pinch	pinch	tɕ i k
1343	812	Shergaon	plait	plait	pʰ Ø uː
1344	812	Rahung	plait	plait	pʰ Ø oː
1345	814	Shergaon	plant  (vt)	plantvt	l Ø -
1346	814	Jerigaon	plant  (vt)	plantvt	Ø ɐː -
1347	815	Jerigaon	play	play	l Ø -
1348	815	Khoitam	play	play	l Ø -
1349	815	Rahung	play	play	l Ø -
1350	816	Khoina	play	play	- ai ŋ
1351	816	Shergaon	play	play	Ø ɛ ŋ
1352	816	Khispi	play	play	- ɛ ŋ
1353	816	Rupa	play	play	- ɛ ŋ
1354	816	Duhumbi	play	play	- ɛ ŋ
1355	817	Shergaon	plough (v)	ploughv	w Ø -
1356	817	Jerigaon	plough (v)	ploughv	w Ø -
1357	818	Shergaon	plural	plural	tʰ Ø -
1358	823	Khoina	pour	pour	h y k
1359	823	Jerigaon	pour	pour	Ø y k
1360	823	Khoitam	pour	pour	l y k
1361	823	Rahung	pour	pour	l y k
1362	824	Shergaon	present	present	d Ø
1363	824	Jerigaon	present	present	d i
1364	824	Rupa	present	present	d iː
1365	824	Khoitam	present	present	d ɛ
1366	824	Rahung	present	present	d ɛ
1367	825	Khoina	prohibitive prefix	prohibitiveprefix	d a
1368	829	Shergaon	pumpkin	pumpkin	pʰ l u ŋ
1369	829	Khispi	pumpkin	pumpkin	pʰ l ɔ ŋ
1370	829	Rupa	pumpkin	pumpkin	pʰ l u ŋ
1371	829	Duhumbi	pumpkin	pumpkin	pʰ l ɔ ŋ
1372	830	Shergaon	pumpkin	pumpkin	m a
1373	830	Khispi	pumpkin	pumpkin	m a
1374	830	Rupa	pumpkin	pumpkin	m a
1375	830	Duhumbi	pumpkin	pumpkin	m a
1376	833	Khoina	pumpkin	pumpkin	b Ø u m
1377	833	Jerigaon	pumpkin	pumpkin	b Ø u m
1378	833	Khoitam	pumpkin	pumpkin	b Ø u m
1379	833	Rahung	pumpkin	pumpkin	b Ø u ŋ
1380	839	Khispi	put	put	t Ø j
1381	841	Shergaon	quarrel (v)	quarrelv	Ø Ø -
1382	843	Khoina	question	question	j a
1383	843	Shergaon	question	question	j a
1384	843	Jerigaon	question	question	j a
1385	849	Shergaon	rice, husked	?	tɕʰ uː
1386	849	Khispi	rice, husked	?	tɕʰ a
1387	849	Rupa	rice, husked	?	tsʰ uː
1388	849	Duhumbi	rice, husked	?	tɕʰ a
1389	852	Khispi	rainbow	rainbow	p a ŋ
1390	852	Duhumbi	rainbow	rainbow	b a ŋ
1391	853	Khispi	rainbow	rainbow	Ø Ø -
1392	853	Duhumbi	rainbow	rainbow	ɬ Ø -
1393	855	Khoina	rainbow	rainbow	kʰ y
1394	855	Khoitam	rainbow	rainbow	kʰ ə
1395	855	Duhumbi	rainbow	rainbow	kʰ i
1396	855	Jerigaon	rainbow	rainbow	kʰ ə
1397	855	Khispi	rainbow	rainbow	kʰ i
1398	855	Rahung	rainbow	rainbow	kʰ -
1399	856	Khoina	reap	reap	r ũː -
1400	856	Shergaon	reap	reap	r ɔ̃ː -
1401	856	Jerigaon	reap	reap	r ɔ̃ː -
1402	856	Khispi	reap	reap	l a m
1403	857	Shergaon	recognise	recognise	Ø -
1404	857	Jerigaon	recognise	recognise	ĩˀ -
1405	864	Shergaon	rest (n)	restn	Ø Ø Ø
1406	864	Jerigaon	rest (n)	restn	tɕ Ø Ø
1407	867	Khoina	rib	rib	h yː
1408	867	Duhumbi	rib	rib	Ø i
1409	868	Khoina	rib	rib	r Ø Ø
1410	868	Duhumbi	rib	rib	l Ø Ø
1411	871	Khoina	rice, unhusked, paddy	riceunhuskedpaddy	ʂ ɛː
1412	871	Rahung	rice, unhusked, paddy	riceunhuskedpaddy	s eː
1413	872	Khoina	rice, unhusked, paddy	sky-prefix5	n ɔ
1414	872	Jerigaon	rice, unhusked, paddy	sky-prefix5	n -
1415	872	Rahung	rice, unhusked, paddy	sky-prefix5	n ə
1416	874	Khoina	ride, mount	ridemount	ɛ̃ː -
1417	874	Shergaon	ride, mount	ridemount	ɛ̃ː -
1418	874	Jerigaon	ride, mount	ridemount	ɛ̃ĩ -
1419	874	Khoitam	ride, mount	ridemount	ĩː -
1420	874	Rahung	ride, mount	ridemount	ĩː -
1421	881	Shergaon	roof	roof	Ø a m
1422	881	Jerigaon	roof	roof	Ø a m
1423	882	Shergaon	roof	roof	tɕʰ ɔː ŋ
1424	882	Jerigaon	roof	roof	tɕʰ Ø -
1425	886	Shergaon	root	root	h ĩː
1426	886	Khispi	root	root	h i
1427	886	Duhumbi	root	root	h i
1428	888	Rahung	rope	rope	s
1429	888	Rupa	rope	rope	s
1430	888	Duhumbi	rope	rope	ɕ
1431	888	Shergaon	rope	rope	s
1432	888	Khispi	rope	rope	ɕ
1433	888	Khoitam	rope	rope	s
1434	891	Jerigaon	round, small object	roundsmallobject	l a k
1435	891	Khispi	round, small object	roundsmallobject	l a k
1436	891	Khoitam	round, small object	roundsmallobject	l a k
1437	891	Duhumbi	round, small object	roundsmallobject	l a k
1438	891	Rahung	round, small object	roundsmallobject	l a k
1439	894	Jerigaon	round, small object	roundsmallobject	b Ø Ø
1440	895	Shergaon	rub	rub	n u ŋ
1441	895	Khispi	rub	rub	n u ŋ
1442	895	Khoitam	rub	rub	n y ŋ
1443	895	Duhumbi	rub	rub	n u ŋ
1444	896	Shergaon	rub; sharpen	rubsharpen	z iː -
1445	896	Jerigaon	rub; sharpen	rubsharpen	z yː -
1446	897	Jerigaon	run	run	Ø ɛː
1447	897	Khispi	run	run	Ø a
1448	897	Khoitam	run	run	Ø ɛː
1449	897	Duhumbi	run	run	Ø e
1450	899	Shergaon	saliva	saliva	Ø Ø -
1451	899	Jerigaon	saliva	saliva	tɕ Ø -
1452	899	Rupa	saliva	saliva	tɕʰ ɛː -
1453	900	Shergaon	saliva	saliva	tʰ a
1454	900	Jerigaon	saliva	saliva	s a
1455	900	Khispi	saliva	saliva	Ø a
1456	900	Rupa	saliva	saliva	d a
1457	900	Duhumbi	saliva	saliva	d a
1458	908	Shergaon	sand	sand	Ø iː
1459	908	Khispi	sand	sand	Ø i
1460	908	Rupa	sand	sand	Ø ɔʰ
1461	908	Duhumbi	sand	sand	Ø i
1462	912	Khoina	scratch	scratch	x aː -
1463	912	Shergaon	scratch	scratch	h aː ŋ
1464	912	Khispi	scratch	scratch	h Ø -
1465	912	Duhumbi	scratch	scratch	h Ø -
1466	913	Shergaon	search	search	s a w
1467	913	Jerigaon	search	search	s ɔː -
1468	923	Khoina	sew	sew	tsʰ i -
1469	923	Shergaon	sew	sew	tɕʰ Ø -
1470	923	Rupa	sew	sew	tɕʰ i -
1471	924	Khoina	shade	shade	tsʰ a p
1472	924	Shergaon	shade	shade	tɕʰ a p
1473	924	Jerigaon	shade	shade	tɕʰ a p
1474	924	Duhumbi	shade	shade	tɕʰ a p
1475	924	Rahung	shade	shade	tɕʰ a p
1476	926	Shergaon	shake	shake	kʰ i -
1477	926	Jerigaon	shake	shake	kʰ i -
1478	926	Khoitam	shake	shake	kʰ i -
1479	926	Rahung	shake	shake	kʰ i -
1480	932	Khoitam	sheep	sheep	s Ø
1481	936	Khoina	shoe, footwear	leg-prefix	l Ø
1482	937	Khoina	shoe, footwear	shoefootwear	h ũː -
1483	937	Shergaon	shoe, footwear	shoefootwear	l ɔ̃ː -
1484	937	Jerigaon	shoe, footwear	shoefootwear	Ø ɔ̃ː -
1485	937	Khoitam	shoe, footwear	shoefootwear	l ũː -
1486	937	Rahung	shoe, footwear	shoefootwear	l ũː -
1487	943	Khoina	shoulder	shoulder	pʰ a k
1488	944	Rupa	tooth	?	tʰ y ŋ
1489	945	Khoina	shoulder	shoulder	l a
1490	945	Khoitam	shoulder	shoulder	l ə
1491	945	Duhumbi	shoulder	shoulder	l a
1492	945	Jerigaon	shoulder	shoulder	l ə
1493	945	Khispi	shoulder	shoulder	l a
1494	945	Rahung	shoulder	shoulder	l ə
1495	946	Khoina	shoulder	shoulder	j ɛ
1496	946	Rupa	shoulder	shoulder	j ə
1497	946	Duhumbi	shoulder	shoulder	j ɛ
1498	946	Shergaon	shoulder	shoulder	j a
1499	946	Jerigaon	shoulder	shoulder	j ɛ
1500	946	Khispi	shoulder	shoulder	j e
1501	949	Rupa	sick (vi)	sickvi	k u
1502	949	Duhumbi	sick (vi)	sickvi	k ɔ
1503	949	Shergaon	sick (vi)	sickvi	k u
1504	949	Jerigaon	sick (vi)	sickvi	k u
1505	949	Khispi	sick (vi)	sickvi	k ɔ
1506	949	Rahung	sick (vi)	sickvi	k u
1507	950	Khispi	silver	silver	ɲ i n
1508	950	Duhumbi	silver	silver	ɲ i n
1509	951	Khoina	silver	silver	ŋ u -
1510	951	Rupa	silver	silver	ŋ u -
1511	951	Shergaon	silver	silver	ŋ u -
1512	951	Jerigaon	silver	silver	ŋ u -
1513	951	Rahung	silver	silver	ŋ u -
1514	951	Khoitam	silver	silver	ŋ u -
1515	952	Shergaon	sing	sing	t aː -
1516	952	Rahung	sing	sing	t ɛː -
1517	953	Shergaon	sister, elder	sisterelder	h iː
1518	953	Rupa	sister, elder	sisterelder	h yː
1519	953	Khoitam	sister, elder	sisterelder	Ø yː
1520	953	Rahung	sister, elder	sisterelder	Ø yː
1521	955	Khoina	sister, younger	sisteryounger	n - Ø
1522	955	Shergaon	sister, younger	sisteryounger	n ə Ø
1523	955	Jerigaon	sister, younger	sisteryounger	n Ø Ø
1524	956	Khoina	sister, younger	sisteryounger	a
1525	956	Shergaon	sister, younger	sisteryounger	a
1526	956	Jerigaon	sister, younger	sisteryounger	ɛ
1527	965	Khispi	sit	sit	d u ŋ
1528	981	Duhumbi	small	da-suffix2	d Ø
1529	984	Khoina	smell (n)	smelln	ʂ ĩː -
1530	984	Shergaon	smell (n)	smelln	s ĩː -
1531	984	Jerigaon	smell (n)	smelln	s ĩː -
1532	984	Khoitam	smell (n)	smelln	s ĩː -
1533	984	Rahung	smell (n)	smelln	s ĩː -
1534	986	Rahung	smell1 (vi)	smell1vi	n a n
1535	986	Rupa	smell1 (vi)	smell1vi	n a n
1536	986	Duhumbi	smell1 (vi)	smell1vi	n a n
1537	986	Shergaon	smell1 (vi)	smell1vi	n a n
1538	986	Khispi	smell1 (vi)	smell1vi	n a n
1539	986	Khoitam	smell1 (vi)	smell1vi	n a n
1540	987	Khoina	smell2 (vi)	smell2vi	n aː -
1541	987	Khispi	smell2 (vi)	smell2vi	ɲ Ø -
1542	987	Duhumbi	smell2 (vi)	smell2vi	ɲ Ø -
1543	990	Khispi	snake	snake	tɕʰ ɔ m
1544	990	Duhumbi	snake	snake	tɕʰ a m
1545	992	Khoina	snatch away	snatchaway	kʰ a -
1546	992	Khoitam	snatch away	snatchaway	kʰ a -
1547	992	Shergaon	snatch away	snatchaway	kʰ a w
1548	992	Jerigaon	snatch away	snatchaway	kʰ a -
1549	992	Khispi	snatch away	snatchaway	kʰ ɔ w
1550	992	Rahung	snatch away	snatchaway	kʰ a -
1551	997	Shergaon	soda ash	sodaash	kʰ Ø
1552	997	Jerigaon	soda ash	sodaash	kʰ Ø
1553	997	Khispi	soda ash	sodaash	kʰ Ø
1554	997	Khoitam	soda ash	sodaash	kʰ Ø
1555	1006	Khoina	song	song	b Ø Ø
1556	1006	Shergaon	song	song	b Ø Ø
1557	1006	Jerigaon	song	song	b Ø Ø
1558	1006	Khoitam	song	song	b Ø Ø
1559	1008	Khoina	song	song	Ø Ø
1560	1008	Jerigaon	song	song	Ø Ø
1561	1013	Shergaon	sour	sour	Ø Ø
1562	1013	Khoitam	sour	sour	b u
1563	1014	Khispi	sour	sour	kʰ i
1564	1014	Duhumbi	sour	sour	kʰ i
1565	1017	Shergaon	sow, broadcast	sowbroadcast	pʰ i t
1566	1017	Jerigaon	sow, broadcast	sowbroadcast	pʰ i k
1567	1017	Rahung	sow, broadcast	sowbroadcast	pʰ i k
1568	1018	Shergaon	sow, broadcast	sowbroadcast	h eˀ
1569	1018	Jerigaon	sow, broadcast	sowbroadcast	h eˀ
1570	1018	Khispi	sow, broadcast	sowbroadcast	h ɛ
1571	1018	Duhumbi	sow, broadcast	sowbroadcast	h ɛ
1572	1023	Khoina	sparrow	sparrow	ts ɔ
1573	1023	Jerigaon	sparrow	sparrow	tɕ -
1574	1024	Khoina	sparrow	sparrow	l i ŋ
1575	1024	Rupa	sparrow	sparrow	l i ŋ
1576	1024	Shergaon	sparrow	sparrow	l i ŋ
1577	1024	Jerigaon	sparrow	sparrow	l i ŋ
1578	1024	Rahung	sparrow	sparrow	l i ŋ
1579	1024	Khoitam	sparrow	sparrow	l i ŋ
1580	1025	Khoina	sparrow	sparrow	d a k
1581	1025	Rupa	sparrow	sparrow	d a k
1582	1025	Shergaon	sparrow	sparrow	d a k
1583	1025	Jerigaon	sparrow	sparrow	d a k
1584	1025	Rahung	sparrow	sparrow	d a k
1585	1025	Khoitam	sparrow	sparrow	d a k
1586	1028	Khispi	speak	speak	Ø a w
1587	1028	Khoitam	speak	speak	Ø ɔ̃ː -
1588	1029	Khoina	speak	speak	ʂ t Ø
1589	1029	Khoitam	speak	speak	s t i
1590	1029	Duhumbi	speak	speak	ɕ t i
1591	1029	Shergaon	speak	speak	s t Ø
1592	1029	Jerigaon	speak	speak	s t ɛˀ
1593	1029	Khispi	speak	speak	ɕ t i
1594	1034	Shergaon	spicy, pungent	spicypungent	p Ø -
1595	1034	Rupa	spicy, pungent	spicypungent	p Ø -
1596	1037	Shergaon	spider	spider	g - -
1597	1037	Jerigaon	spider	spider	g a -
1598	1037	Rupa	spider	spider	g - -
1599	1037	Khoitam	spider	spider	g a -
1600	1037	Rahung	spider	spider	g a -
1601	1038	Khoina	spider	spider	t ɹ Ø Ø
1602	1038	Khispi	spider	spider	s ɹ Ø Ø
1603	1038	Duhumbi	spider	spider	t ɹ Ø Ø
1604	1039	Khoina	spider	spider	Ø Ø j
1605	1040	Shergaon	spider	spider	pʰ ɛ̃ː
1606	1040	Jerigaon	spider	spider	pʰ øː
1607	1040	Rupa	spider	spider	pʰ øː
1608	1040	Khoitam	spider	spider	pʰ ĩː
1609	1040	Rahung	spider	spider	pʰ yː
1610	1041	Khoina	spider	spider	n a
1611	1041	Khoitam	spider	spider	n a
1612	1041	Duhumbi	spider	spider	n a
1613	1041	Shergaon	spider	spider	n a
1614	1041	Khispi	spider	spider	n a
1615	1041	Rupa	spider	spider	n a
1616	1044	Rahung	spirit, soul, shadow	spiritsoulshadow	Ø
1617	1046	Khispi	spit	spit	kʰ ɔ
1618	1046	Duhumbi	spit	spit	kʰ ɔ
1619	1048	Shergaon	spit	throw	tʰ eˀ -
1620	1048	Rahung	spit	throw	tʰ øˀ -
1621	1052	Khoina	split	split	tsʰ Ø Ø
1622	1052	Shergaon	split	split	Ø Ø Ø
1623	1052	Khoitam	split	split	z Ø Ø
1624	1056	Khispi	squirrel	squirrel	ts Ø -
1625	1056	Rahung	squirrel	squirrel	tɕ Ø Ø
1626	1057	Khispi	squirrel	squirrel	Ø i
1627	1057	Duhumbi	squirrel	squirrel	k Ø
1628	1057	Rahung	squirrel	squirrel	g ɛ
1629	1058	Khoina	squirrel	squirrel	ʂ t ɔ -
1630	1058	Khoitam	squirrel	squirrel	s t ɔ p
1631	1058	Duhumbi	squirrel	squirrel	ɕ t ɔ p
1632	1058	Jerigaon	squirrel	squirrel	s t ɔ -
1633	1058	Khispi	squirrel	squirrel	ɕ t ɔ -
1634	1058	Rahung	squirrel	squirrel	s t ɔ p
1635	1060	Shergaon	squirrel, flying	squirrelflying	tɕʰ Ø -
1636	1060	Khispi	squirrel, flying	squirrelflying	tɕʰ Ø l
1637	1060	Rupa	squirrel, flying	squirrelflying	tɕʰ Ø -
1638	1062	Shergaon	squirrel, flying	squirrelflying	j Ø
1639	1062	Khispi	squirrel, flying	squirrelflying	j a
1640	1062	Rupa	squirrel, flying	squirrelflying	j Ø
1641	1062	Duhumbi	squirrel, flying	squirrelflying	j Ø
1642	1062	Rahung	squirrel, flying	squirrelflying	j ɔ̃ː
1643	1063	Khoina	squirrel, flying	squirrelflying	ʈʂʰ - ɔ w
1644	1063	Khoitam	squirrel, flying	squirrelflying	tɕʰ - ɔ w
1645	1063	Duhumbi	squirrel, flying	squirrelflying	kʰ j ɔ b
1646	1063	Shergaon	squirrel, flying	squirrelflying	kʰ - a w
1647	1063	Jerigaon	squirrel, flying	squirrelflying	tɕʰ - ɔ w
1648	1063	Khispi	squirrel, flying	squirrelflying	kʰ j ɔ b
1649	1064	Khoitam	stab	stab	dʑ u k
1650	1064	Rahung	stab	stab	dʑ u k
1651	1066	Khispi	star	star	ʑ u k
1652	1066	Duhumbi	star	star	ʑ u k
1653	1067	Khoina	star	star	tsʰ y ŋ
1654	1067	Jerigaon	star	star	tɕʰ y ŋ
1655	1067	Khispi	star	star	tɕʰ u ŋ
1656	1067	Rupa	star	star	tsʰ y ŋ
1657	1067	Duhumbi	star	star	tɕʰ u ŋ
1658	1070	Shergaon	steam	steam	l Ø ŋ
1659	1070	Jerigaon	steam	steam	Ø Ø ŋ
1660	1070	Khispi	steam	steam	h a ŋ
1661	1070	Rupa	steam	steam	l ũː ŋ
1662	1071	Khoina	steam	steam	- ɔː
1663	1071	Khoitam	steam	steam	p ɔː
1664	1071	Shergaon	steam	steam	p Ø
1665	1071	Jerigaon	steam	steam	- ɔː
1666	1071	Khispi	steam	steam	- a
1667	1071	Rupa	steam	steam	p oː
1668	1075	Jerigaon	stich	stich	tɕ ɐ k
1669	1075	Khispi	stich	stich	ts a k
1670	1075	Khoitam	stich	stich	tɕ a k
1671	1075	Duhumbi	stich	stich	ts a k
1672	1075	Rahung	stich	stich	tɕ a k
1673	1076	Shergaon	stick	stick	kʰ Ø -
1674	1078	Shergaon	story	story	t Ø n
1675	1078	Jerigaon	story	story	t a Ø
1676	1078	Rupa	story	story	t aˀ ɲ
1677	1079	Khoitam	story	story	kʰ a ɹ
1678	1079	Duhumbi	story	story	kʰ a ɹ
1679	1079	Shergaon	story	story	kʰ a ɹ
1680	1079	Jerigaon	story	story	kʰ a ɹ
1681	1079	Khispi	story	story	kʰ a ɹ
1682	1079	Rupa	story	story	kʰ a ɹ
1683	1085	Khoina	stump (tree)	stumptree	t Ø ɔ m
1684	1085	Khoitam	stump (tree)	stumptree	t Ø ɔ Ø
1685	1085	Duhumbi	stump (tree)	stumptree	t Ø ɔ m
1686	1085	Shergaon	stump (tree)	stumptree	Ø Ø ɔ m
1687	1085	Jerigaon	stump (tree)	stumptree	ʔ Ø ɔ m
1688	1085	Khispi	stump (tree)	stumptree	t Ø ɔ m
1689	1087	Khoina	stump (tree)	stumptree	d y m
1690	1087	Rupa	stump (tree)	stumptree	t y m
1691	1087	Shergaon	stump (tree)	stumptree	t u m
1692	1087	Jerigaon	stump (tree)	stumptree	d y m
1693	1087	Rahung	stump (tree)	stumptree	d y m
1694	1087	Khoitam	stump (tree)	stumptree	d y m
1695	1089	Khoina	suck	suck	ʐ y -
1696	1089	Rupa	suck	suck	z yː -
1697	1090	Shergaon	suck	suck	kʰ ɛ ŋ
1698	1090	Khispi	suck	suck	kʰ ɛ ŋ
1699	1090	Khoitam	suck	suck	tɕʰ ɛ ŋ
1700	1090	Duhumbi	suck	suck	kʰ ɛ ŋ
1701	1095	Khispi	sun, day	sunday	n u
1702	1095	Khoitam	sun, day	sunday	n yː
1703	1095	Duhumbi	sun, day	sunday	n u
1704	1095	Rahung	sun, day	sunday	n yː
1705	1098	Jerigaon	sweet	sweet	tɕ ĩː
1706	1098	Khispi	sweet	sweet	ts i
1707	1098	Duhumbi	sweet	sweet	ts i
1708	1106	Khoina	takin	takin	tsʰ a
1709	1106	Khoitam	takin	takin	s ə
1710	1106	Duhumbi	takin	takin	Ø a
1711	1106	Shergaon	takin	takin	tsʰ ə
1712	1106	Khispi	takin	takin	p a
1713	1106	Rupa	takin	takin	tsʰ ə
1714	1107	Khoina	takin	takin	ʈʂʰ ø n
1715	1107	Khoitam	takin	takin	tɕʰ ɔ m
1716	1107	Duhumbi	takin	takin	kʰ u m
1717	1107	Shergaon	takin	takin	kʰ ɔ m
1718	1107	Khispi	takin	takin	kʰ u m
1719	1107	Rupa	takin	takin	kʰ ɔ m
1720	1114	Shergaon	tear (vt)	tearvt	z eˀ -
1721	1114	Jerigaon	tear (vt)	tearvt	z eˀ -
1722	1115	Jerigaon	tell	tell	s ɐˀ -
1723	1115	Duhumbi	tell	tell	ɕ a t
1724	1117	Khispi	that	that	tʰ Ø
1725	1117	Duhumbi	that	that	tʰ Ø
1726	1119	Khoina	that side	thatside	tʰ - ɔː
1727	1119	Shergaon	that side	thatside	tʰ Ø aː
1728	1119	Rupa	that side	thatside	tʰ Ø aː
1729	1120	Jerigaon	that side	thatside	kʰ øː
1730	1120	Khispi	that side	thatside	kʰ Ø
1731	1120	Khoitam	that side	thatside	kʰ ĩː
1732	1120	Duhumbi	that side	thatside	kʰ Ø
1733	1120	Rahung	that side	thatside	kʰ yː
1734	1126	Khispi	thick	thick	tʰ Ø Ø
1735	1127	Shergaon	thief	thief	Ø Ø a w
1736	1127	Jerigaon	thief	thief	j m ɔː -
1737	1127	Rahung	thief	thief	w j oː -
1738	1129	Shergaon	thief	thief	dʑ Ø
1739	1129	Jerigaon	thief	thief	dʑ Ø
1740	1129	Rahung	thief	thief	dʑ y
1741	1131	Khoina	thigh	thigh	pʰ Ø uː
1742	1132	Khispi	thin	thin	Ø a -
1743	1137	Khoina	thing	thing	m a
1744	1137	Shergaon	thing	thing	m Ø
1745	1137	Jerigaon	thing	thing	m ə
1746	1138	Khoina	thing	thing	tsʰ i ŋ
1747	1138	Shergaon	thing	thing	tɕʰ i ŋ
1748	1138	Jerigaon	thing	thing	tɕʰ i ŋ
1749	1138	Khispi	thing	thing	ɕ i ŋ
1750	1138	Duhumbi	thing	thing	ɕ i ŋ
1751	1140	Khispi	think	think	tʰ i n
1752	1140	Duhumbi	think	think	tʰ i n
1753	1143	Khispi	this	this	tʰ l Ø
1754	1143	Duhumbi	this	this	tʰ - Ø
1755	1148	Shergaon	thousand	thousand	Ø a
1756	1148	Rupa	thousand	thousand	Ø ɔ
1757	1149	Shergaon	thousand	thousand	t ɔ ŋ
1758	1149	Rupa	thousand	thousand	t ɔ ŋ
1759	1155	Khoina	thunder (vi)	thundervi	x y Ø
1760	1155	Jerigaon	thunder (vi)	thundervi	h y Ø
1761	1155	Khispi	thunder (vi)	thundervi	h u Ø
1762	1155	Duhumbi	thunder (vi)	thundervi	h u Ø
1763	1155	Rahung	thunder (vi)	thundervi	h y Ø
1764	1160	Khoina	tiger	tiger	n a m
1765	1160	Rupa	tiger	tiger	ɲ a m
1766	1160	Shergaon	tiger	tiger	ɲ a m
1767	1160	Jerigaon	tiger	tiger	n a m
1768	1160	Rahung	tiger	tiger	n a m
1769	1160	Khoitam	tiger	tiger	n a m
1770	1161	Khispi	till (hoe)	tillhoe	tɕʰ ɔ k
1771	1161	Duhumbi	till (hoe)	tillhoe	tɕʰ ɔ k
1772	1162	Shergaon	tired (vi)	tiredvi	Ø Ø -
1773	1162	Khispi	tired (vi)	tiredvi	Ø Ø j
1774	1162	Rahung	tired (vi)	tiredvi	Ø Ø -
1775	1166	Khoina	together with	togetherwith	d Ø -
1776	1169	Khispi	tomorrow	tomorrow	Ø Ø
1777	1169	Duhumbi	tomorrow	tomorrow	Ø Ø
1778	1175	Rupa	tooth	tooth	Ø - -
1779	1179	Khoina	trivet	trivet	p ɛ ɹ
1780	1179	Rupa	trivet	trivet	p a ɹ
1781	1179	Shergaon	trivet	trivet	p a ɹ
1782	1179	Jerigaon	trivet	trivet	p ɛ ɹ
1783	1179	Rahung	trivet	trivet	p ɛ ɹ
1784	1179	Khoitam	trivet	trivet	p a ɹ
1785	1186	Shergaon	tusk	tusk	ɲ Ø
1786	1186	Jerigaon	tusk	tusk	n Ø
1787	1186	Khispi	tusk	tusk	ɲ Ø
1788	1186	Duhumbi	tusk	tusk	ɲ Ø
1789	1188	Shergaon	twist	twist	kʰ Ø Ø
1790	1188	Jerigaon	twist	twist	tɕʰ Ø Ø
1791	1188	Khispi	twist	twist	kʰ Ø Ø
1792	1191	Rahung	up there	upthere	l - a Ø
1793	1194	Khoina	uproot	uproot	pʰ ə ŋ
1794	1194	Shergaon	uproot	uproot	pʰ i ŋ
1795	1194	Jerigaon	uproot	uproot	pʰ ɛ ŋ
1796	1194	Rahung	uproot	uproot	pʰ i ŋ
1797	1196	Khoina	vagina	vagina	tʰ ɔː -
1798	1196	Jerigaon	vagina	vagina	tʰ ɔː -
1799	1196	Khoitam	vagina	vagina	tʰ ɔː -
1800	1196	Rahung	vagina	vagina	tʰ oː -
1801	1198	Khoina	vegetable, leafy	vegetableleafy	x ɐ̃
1802	1198	Jerigaon	vegetable, leafy	vegetableleafy	h ɐ̃
1803	1198	Khispi	vegetable, leafy	vegetableleafy	h a
1804	1198	Khoitam	vegetable, leafy	vegetableleafy	h ɔ̃
1805	1198	Duhumbi	vegetable, leafy	vegetableleafy	h a
1806	1199	Rahung	veranda	veranda	Ø Ø ŋ
1807	1200	Shergaon	veranda	veranda	d a
1808	1200	Khispi	veranda	veranda	Ø a
1809	1200	Khoitam	veranda	veranda	Ø a
1810	1200	Duhumbi	veranda	veranda	Ø a
1811	1200	Rupa	veranda	veranda	n a
1812	1204	Khispi	vomit	vomit	j ɔ k
1813	1204	Duhumbi	vomit	vomit	j ɔ k
1814	1205	Khoitam	waist	waist	Ø y Ø
1815	1205	Rahung	waist	waist	Ø y Ø
1816	1208	Shergaon	waist	waist	b ə kʰ
1817	1208	Jerigaon	waist	waist	b ə k
1818	1208	Rupa	waist	waist	b ə k
1819	1208	Khoitam	waist	waist	b ə k
1820	1208	Rahung	waist	waist	b ə k
1821	1209	Khoina	wait	wait	dʑ ɐ k
1822	1209	Khispi	wait	wait	dʑ a k
1823	1214	Khoina	walking stick	walkingstick	g y -
1824	1214	Jerigaon	walking stick	walkingstick	g y -
1825	1214	Khispi	walking stick	walkingstick	kʰ u j
1826	1215	Khoina	walking stick	walkingstick	s y ŋ
1827	1215	Jerigaon	walking stick	walkingstick	s y ŋ
1828	1215	Khispi	walking stick	walkingstick	ɕ u ŋ
1829	1224	Khoina	wealthy	wealthy	Ø y k
1830	1224	Shergaon	wealthy	wealthy	Ø Ø k
1831	1224	Jerigaon	wealthy	wealthy	Ø Ø k
1832	1225	Khoina	wealthy	wealthy	p u
1833	1225	Shergaon	wealthy	wealthy	p u
1834	1225	Jerigaon	wealthy	wealthy	p u
1835	1226	Shergaon	wear	wear	j ɔ̃ -
1836	1226	Khoitam	wear	wear	j ɔ̃ -
1837	1226	Rahung	wear	wear	j ɔ̃ -
1838	1228	Duhumbi	weave	weave	d a k
1839	1232	Shergaon	wet	wet	l Ø
1840	1232	Khispi	wet	wet	l Ø
1841	1232	Rupa	wet	wet	l Ø
1842	1232	Duhumbi	wet	wet	l Ø
1843	1233	Shergaon	wet	wet	Ø ə
1844	1233	Khispi	wet	wet	Ø u
1845	1233	Rupa	wet	wet	Ø ə
1846	1233	Duhumbi	wet	wet	Ø u
1847	1235	Khoina	wheat	wheat	k uː
1848	1235	Jerigaon	wheat	wheat	k uː
1849	1235	Khispi	wheat	wheat	k a
1850	1235	Duhumbi	wheat	wheat	k a
1851	1237	Khoina	wheat	wheat	m u
1852	1237	Jerigaon	wheat	wheat	Ø u
1853	1237	Khispi	wheat	wheat	- a
1854	1237	Duhumbi	wheat	wheat	m a
1855	1240	Rupa	where	where	l a
1856	1240	Duhumbi	where	where	l u
1857	1240	Shergaon	where	where	l a
1858	1240	Jerigaon	where	where	l ɔː
1859	1240	Khispi	where	where	l u
1860	1240	Rahung	where	where	l oː
1861	1241	Shergaon	where	where	Ø a
1862	1241	Jerigaon	where	where	Ø a
1863	1241	Rupa	where	where	Ø a
1864	1241	Rahung	where	where	Ø a
1865	1246	Khispi	white	white	ʑ a
1866	1246	Duhumbi	white	white	ʑ a
1867	1248	Khoina	white	white	k a -
1868	1248	Rupa	white	white	k a -
1869	1248	Shergaon	white	white	k a -
1870	1248	Jerigaon	white	white	k a -
1871	1248	Rahung	white	white	k a -
1872	1248	Khoitam	white	white	k a -
1873	1256	Rupa	window	window	z y ŋ
1874	1259	Shergaon	wing	wing	Ø ə -
1875	1259	Duhumbi	wing	wing	Ø ɛ j
1876	1259	Rahung	wing	wing	- ə -
1877	1262	Khoina	wipe	wipe	yː
1878	1262	Jerigaon	wipe	wipe	yː
1879	1262	Khispi	wipe	wipe	u
1880	1262	Duhumbi	wipe	wipe	u
1881	1268	Shergaon	word	word	ɲ o -
1882	1268	Jerigaon	word	word	n ɔ -
1883	1268	Duhumbi	word	word	ŋ Ø k
1884	1269	Jerigaon	work	work	b l Ø t
1885	1269	Khispi	work	work	b - a t
1886	1269	Khoitam	work	work	b l Ø t
1887	1269	Rahung	work	work	b r u t
1888	1270	Khoina	wring, squeeze	wringsqueeze	ts ɛ̃ˀ -
1889	1270	Shergaon	wring, squeeze	wringsqueeze	Ø Ø -
1890	1270	Rupa	wring, squeeze	wringsqueeze	ts ɛ̃ˀ -
1891	1272	Khoina	year, next	yearnext	b u
1892	1272	Shergaon	year, next	yearnext	b u
1893	1272	Jerigaon	year, next	yearnext	b u
1894	1272	Rupa	year, next	yearnext	b u
1895	1276	Khoina	year, next	yearnext	b y
1896	1276	Rupa	year, next	yearnext	m -
1897	1276	Duhumbi	year, next	yearnext	Ø i
1898	1276	Shergaon	year, next	yearnext	m ə
1899	1276	Jerigaon	year, next	yearnext	m ə
1900	1276	Khispi	year, next	yearnext	Ø i
1901	1277	Shergaon	year, this	yearthis	Ø u
1902	1277	Jerigaon	year, this	yearthis	b u
1903	1278	Shergaon	year, this	yearthis	tʰ a Ø
1904	1278	Jerigaon	year, this	yearthis	tʰ a Ø
1905	1280	Khispi	yellow	yellow	a
1906	1280	Duhumbi	yellow	yellow	a
1907	1281	Khispi	yellow	yellow	h u
1908	1281	Duhumbi	yellow	yellow	h ɔ
1909	1282	Shergaon	yesterday	yesterday	Ø Ø -
1910	1283	Shergaon	yesterday	yesterday	Ø Ø w
1911	1285	Khoina	2pl.excl	_excl2	b l u ŋ
1912	1285	Khoitam	2pl.excl	_excl2	b l u ŋ
1913	1285	Duhumbi	2pl.excl	_excl2	b l ɔ ŋ
1914	1285	Jerigaon	2pl.excl	_excl2	b l u ŋ
1915	1285	Khispi	2pl.excl	_excl2	b l ɔ ŋ
1916	1285	Rahung	2pl.excl	_excl2	b l u ŋ
